/*
Navicat MySQL Data Transfer

Source Server         : localhost_3306
Source Server Version : 50505
Source Host           : localhost:3307
Source Database       : act

Target Server Type    : MYSQL
Target Server Version : 50505
File Encoding         : 65001

Date: 2018-11-12 23:36:04
*/

SET FOREIGN_KEY_CHECKS=0;

-- ----------------------------
-- Table structure for act_evt_log
-- ----------------------------
DROP TABLE IF EXISTS `act_evt_log`;
CREATE TABLE `act_evt_log` (
  `LOG_NR_` bigint(20) NOT NULL AUTO_INCREMENT,
  `TYPE_` varchar(64) COLLATE utf8_bin DEFAULT NULL,
  `PROC_DEF_ID_` varchar(64) COLLATE utf8_bin DEFAULT NULL,
  `PROC_INST_ID_` varchar(64) COLLATE utf8_bin DEFAULT NULL,
  `EXECUTION_ID_` varchar(64) COLLATE utf8_bin DEFAULT NULL,
  `TASK_ID_` varchar(64) COLLATE utf8_bin DEFAULT NULL,
  `TIME_STAMP_` timestamp NOT NULL DEFAULT current_timestamp() ON UPDATE current_timestamp(),
  `USER_ID_` varchar(255) COLLATE utf8_bin DEFAULT NULL,
  `DATA_` longblob DEFAULT NULL,
  `LOCK_OWNER_` varchar(255) COLLATE utf8_bin DEFAULT NULL,
  `LOCK_TIME_` timestamp NULL DEFAULT NULL,
  `IS_PROCESSED_` tinyint(4) DEFAULT 0,
  PRIMARY KEY (`LOG_NR_`)
) ENGINE=InnoDB DEFAULT CHARSET=utf8 COLLATE=utf8_bin;

-- ----------------------------
-- Records of act_evt_log
-- ----------------------------

-- ----------------------------
-- Table structure for act_ge_bytearray
-- ----------------------------
DROP TABLE IF EXISTS `act_ge_bytearray`;
CREATE TABLE `act_ge_bytearray` (
  `ID_` varchar(64) COLLATE utf8_bin NOT NULL,
  `REV_` int(11) DEFAULT NULL,
  `NAME_` varchar(255) COLLATE utf8_bin DEFAULT NULL,
  `DEPLOYMENT_ID_` varchar(64) COLLATE utf8_bin DEFAULT NULL,
  `BYTES_` longblob DEFAULT NULL,
  `GENERATED_` tinyint(4) DEFAULT NULL,
  PRIMARY KEY (`ID_`),
  KEY `ACT_FK_BYTEARR_DEPL` (`DEPLOYMENT_ID_`),
  CONSTRAINT `act_ge_bytearray_ibfk_1` FOREIGN KEY (`DEPLOYMENT_ID_`) REFERENCES `act_re_deployment` (`ID_`)
) ENGINE=InnoDB DEFAULT CHARSET=utf8 COLLATE=utf8_bin;

-- ----------------------------
-- Records of act_ge_bytearray
-- ----------------------------
INSERT INTO `act_ge_bytearray` VALUES ('2', '7', 'source', null, 0x7B227265736F757263654964223A2231222C2270726F70657274696573223A7B2270726F636573735F6964223A22656D61696C222C226E616D65223A22222C22646F63756D656E746174696F6E223A22222C2270726F636573735F617574686F72223A22736C696665222C2270726F636573735F76657273696F6E223A22222C2270726F636573735F6E616D657370616365223A22687474703A2F2F7777772E61637469766974692E6F72672F70726F63657373646566222C22657865637574696F6E6C697374656E657273223A22222C226576656E746C697374656E657273223A22222C227369676E616C646566696E6974696F6E73223A22222C226D657373616765646566696E6974696F6E73223A22227D2C227374656E63696C223A7B226964223A2242504D4E4469616772616D227D2C226368696C64536861706573223A5B7B227265736F757263654964223A227369642D39443631314242342D443034322D343443392D393539322D463231464539303141304630222C2270726F70657274696573223A7B226F766572726964656964223A22222C226E616D65223A227374617274222C22646F63756D656E746174696F6E223A22222C22657865637574696F6E6C697374656E657273223A22222C22696E69746961746F72223A22222C22666F726D6B6579646566696E6974696F6E223A22222C22666F726D70726F70657274696573223A22227D2C227374656E63696C223A7B226964223A2253746172744E6F6E654576656E74227D2C226368696C64536861706573223A5B5D2C226F7574676F696E67223A5B7B227265736F757263654964223A227369642D46463934453538372D424139372D344331322D424132382D423632373331443039383039227D5D2C22626F756E6473223A7B226C6F7765725269676874223A7B2278223A3138302E352C2279223A3132367D2C2275707065724C656674223A7B2278223A3135302E352C2279223A39367D7D2C22646F636B657273223A5B5D7D2C7B227265736F757263654964223A227369642D36423339334438392D303634462D343543332D394537382D313330363539423642434635222C2270726F70657274696573223A7B226F766572726964656964223A22222C226E616D65223A22E5AEA1E689B9222C22646F63756D656E746174696F6E223A22222C226173796E6368726F6E6F7573646566696E6974696F6E223A2266616C7365222C226578636C7573697665646566696E6974696F6E223A2266616C7365222C22657865637574696F6E6C697374656E657273223A22222C226D756C7469696E7374616E63655F74797065223A224E6F6E65222C226D756C7469696E7374616E63655F63617264696E616C697479223A22222C226D756C7469696E7374616E63655F636F6C6C656374696F6E223A22222C226D756C7469696E7374616E63655F7661726961626C65223A22222C226D756C7469696E7374616E63655F636F6E646974696F6E223A22222C226973666F72636F6D70656E736174696F6E223A2266616C7365222C22757365727461736B61737369676E6D656E74223A7B2261737369676E6D656E74223A7B2263616E64696461746547726F757073223A5B7B222424686173684B6579223A22305533222C2276616C7565223A226C6561646572227D2C7B2276616C7565223A22E5AE89E585A8E7AEA1E79086E59198222C222424686173684B6579223A2230474A227D5D7D7D2C22666F726D6B6579646566696E6974696F6E223A22222C2264756564617465646566696E6974696F6E223A22222C227072696F72697479646566696E6974696F6E223A22222C22666F726D70726F70657274696573223A22222C227461736B6C697374656E657273223A22227D2C227374656E63696C223A7B226964223A22557365725461736B227D2C226368696C64536861706573223A5B5D2C226F7574676F696E67223A5B7B227265736F757263654964223A227369642D34383841414134442D333336332D343646392D423836392D444436303932324445354434227D5D2C22626F756E6473223A7B226C6F7765725269676874223A7B2278223A3338352C2279223A3135317D2C2275707065724C656674223A7B2278223A3238352C2279223A37317D7D2C22646F636B657273223A5B5D7D2C7B227265736F757263654964223A227369642D46463934453538372D424139372D344331322D424132382D423632373331443039383039222C2270726F70657274696573223A7B226F766572726964656964223A22222C226E616D65223A22222C22646F63756D656E746174696F6E223A22222C22636F6E646974696F6E73657175656E6365666C6F77223A22222C22657865637574696F6E6C697374656E657273223A22222C2264656661756C74666C6F77223A2266616C7365227D2C227374656E63696C223A7B226964223A2253657175656E6365466C6F77227D2C226368696C64536861706573223A5B5D2C226F7574676F696E67223A5B7B227265736F757263654964223A227369642D36423339334438392D303634462D343543332D394537382D313330363539423642434635227D5D2C22626F756E6473223A7B226C6F7765725269676874223A7B2278223A3238342E3334313739363837352C2279223A3131317D2C2275707065724C656674223A7B2278223A3138312E30363634303632352C2279223A3131317D7D2C22646F636B657273223A5B7B2278223A31352C2279223A31357D2C7B2278223A35302C2279223A34307D5D2C22746172676574223A7B227265736F757263654964223A227369642D36423339334438392D303634462D343543332D394537382D313330363539423642434635227D7D2C7B227265736F757263654964223A227369642D43374241443035342D413839362D344438322D384345422D393933353234353037324134222C2270726F70657274696573223A7B226F766572726964656964223A22222C226E616D65223A22656E64222C22646F63756D656E746174696F6E223A22222C22657865637574696F6E6C697374656E657273223A22227D2C227374656E63696C223A7B226964223A22456E644E6F6E654576656E74227D2C226368696C64536861706573223A5B5D2C226F7574676F696E67223A5B5D2C22626F756E6473223A7B226C6F7765725269676874223A7B2278223A3535332C2279223A3132357D2C2275707065724C656674223A7B2278223A3532352C2279223A39377D7D2C22646F636B657273223A5B5D7D2C7B227265736F757263654964223A227369642D34383841414134442D333336332D343646392D423836392D444436303932324445354434222C2270726F70657274696573223A7B226F766572726964656964223A22222C226E616D65223A22222C22646F63756D656E746174696F6E223A22222C22636F6E646974696F6E73657175656E6365666C6F77223A22222C22657865637574696F6E6C697374656E657273223A22222C2264656661756C74666C6F77223A2266616C7365227D2C227374656E63696C223A7B226964223A2253657175656E6365466C6F77227D2C226368696C64536861706573223A5B5D2C226F7574676F696E67223A5B7B227265736F757263654964223A227369642D43374241443035342D413839362D344438322D384345422D393933353234353037324134227D5D2C22626F756E6473223A7B226C6F7765725269676874223A7B2278223A3532342E3435333132352C2279223A3131317D2C2275707065724C656674223A7B2278223A3338352E34303632352C2279223A3131317D7D2C22646F636B657273223A5B7B2278223A35302C2279223A34307D2C7B2278223A31342C2279223A31347D5D2C22746172676574223A7B227265736F757263654964223A227369642D43374241443035342D413839362D344438322D384345422D393933353234353037324134227D7D5D2C22626F756E6473223A7B226C6F7765725269676874223A7B2278223A313230302C2279223A313035307D2C2275707065724C656674223A7B2278223A302C2279223A307D7D2C227374656E63696C736574223A7B2275726C223A227374656E63696C736574732F62706D6E322E302F62706D6E322E302E6A736F6E222C226E616D657370616365223A22687474703A2F2F62336D6E2E6F72672F7374656E63696C7365742F62706D6E322E3023227D2C227373657874656E73696F6E73223A5B5D7D, null);
INSERT INTO `act_ge_bytearray` VALUES ('3', '1', 'source-extra', null, '', null);
INSERT INTO `act_ge_bytearray` VALUES ('5', '1', '1.bpmn20.xml', '4', 0x3C3F786D6C2076657273696F6E3D22312E302220656E636F64696E673D225554462D38223F3E0A3C646566696E6974696F6E7320786D6C6E733D22687474703A2F2F7777772E6F6D672E6F72672F737065632F42504D4E2F32303130303532342F4D4F44454C2220786D6C6E733A7873693D22687474703A2F2F7777772E77332E6F72672F323030312F584D4C536368656D612D696E7374616E63652220786D6C6E733A7873643D22687474703A2F2F7777772E77332E6F72672F323030312F584D4C536368656D612220786D6C6E733A61637469766974693D22687474703A2F2F61637469766974692E6F72672F62706D6E2220786D6C6E733A62706D6E64693D22687474703A2F2F7777772E6F6D672E6F72672F737065632F42504D4E2F32303130303532342F44492220786D6C6E733A6F6D6764633D22687474703A2F2F7777772E6F6D672E6F72672F737065632F44442F32303130303532342F44432220786D6C6E733A6F6D6764693D22687474703A2F2F7777772E6F6D672E6F72672F737065632F44442F32303130303532342F44492220747970654C616E67756167653D22687474703A2F2F7777772E77332E6F72672F323030312F584D4C536368656D61222065787072657373696F6E4C616E67756167653D22687474703A2F2F7777772E77332E6F72672F313939392F585061746822207461726765744E616D6573706163653D22687474703A2F2F7777772E61637469766974692E6F72672F70726F63657373646566223E0A20203C70726F636573732069643D22656D61696C2220697345786563757461626C653D2274727565223E0A202020203C73746172744576656E742069643D227369642D39443631314242342D443034322D343443392D393539322D463231464539303141304630223E3C2F73746172744576656E743E0A202020203C757365725461736B2069643D227369642D36423339334438392D303634462D343543332D394537382D313330363539423642434635222061637469766974693A63616E64696461746547726F7570733D226C6561646572223E3C2F757365725461736B3E0A202020203C73657175656E6365466C6F772069643D227369642D46463934453538372D424139372D344331322D424132382D4236323733314430393830392220736F757263655265663D227369642D39443631314242342D443034322D343443392D393539322D46323146453930314130463022207461726765745265663D227369642D36423339334438392D303634462D343543332D394537382D313330363539423642434635223E3C2F73657175656E6365466C6F773E0A202020203C656E644576656E742069643D227369642D43374241443035342D413839362D344438322D384345422D393933353234353037324134223E3C2F656E644576656E743E0A202020203C73657175656E6365466C6F772069643D227369642D34383841414134442D333336332D343646392D423836392D4444363039323244453544342220736F757263655265663D227369642D36423339334438392D303634462D343543332D394537382D31333036353942364243463522207461726765745265663D227369642D43374241443035342D413839362D344438322D384345422D393933353234353037324134223E3C2F73657175656E6365466C6F773E0A20203C2F70726F636573733E0A20203C62706D6E64693A42504D4E4469616772616D2069643D2242504D4E4469616772616D5F656D61696C223E0A202020203C62706D6E64693A42504D4E506C616E652062706D6E456C656D656E743D22656D61696C222069643D2242504D4E506C616E655F656D61696C223E0A2020202020203C62706D6E64693A42504D4E53686170652062706D6E456C656D656E743D227369642D39443631314242342D443034322D343443392D393539322D463231464539303141304630222069643D2242504D4E53686170655F7369642D39443631314242342D443034322D343443392D393539322D463231464539303141304630223E0A20202020202020203C6F6D6764633A426F756E6473206865696768743D2233302E30222077696474683D2233302E302220783D223135302E352220793D2239362E30223E3C2F6F6D6764633A426F756E64733E0A2020202020203C2F62706D6E64693A42504D4E53686170653E0A2020202020203C62706D6E64693A42504D4E53686170652062706D6E456C656D656E743D227369642D36423339334438392D303634462D343543332D394537382D313330363539423642434635222069643D2242504D4E53686170655F7369642D36423339334438392D303634462D343543332D394537382D313330363539423642434635223E0A20202020202020203C6F6D6764633A426F756E6473206865696768743D2238302E30222077696474683D223130302E302220783D223232352E352220793D2237312E30223E3C2F6F6D6764633A426F756E64733E0A2020202020203C2F62706D6E64693A42504D4E53686170653E0A2020202020203C62706D6E64693A42504D4E53686170652062706D6E456C656D656E743D227369642D43374241443035342D413839362D344438322D384345422D393933353234353037324134222069643D2242504D4E53686170655F7369642D43374241443035342D413839362D344438322D384345422D393933353234353037324134223E0A20202020202020203C6F6D6764633A426F756E6473206865696768743D2232382E30222077696474683D2232382E302220783D223534392E352220793D223131362E30223E3C2F6F6D6764633A426F756E64733E0A2020202020203C2F62706D6E64693A42504D4E53686170653E0A2020202020203C62706D6E64693A42504D4E456467652062706D6E456C656D656E743D227369642D46463934453538372D424139372D344331322D424132382D423632373331443039383039222069643D2242504D4E456467655F7369642D46463934453538372D424139372D344331322D424132382D423632373331443039383039223E0A20202020202020203C6F6D6764693A776179706F696E7420783D223138302E352220793D223131312E30223E3C2F6F6D6764693A776179706F696E743E0A20202020202020203C6F6D6764693A776179706F696E7420783D223232352E352220793D223131312E30223E3C2F6F6D6764693A776179706F696E743E0A2020202020203C2F62706D6E64693A42504D4E456467653E0A2020202020203C62706D6E64693A42504D4E456467652062706D6E456C656D656E743D227369642D34383841414134442D333336332D343646392D423836392D444436303932324445354434222069643D2242504D4E456467655F7369642D34383841414134442D333336332D343646392D423836392D444436303932324445354434223E0A20202020202020203C6F6D6764693A776179706F696E7420783D223332352E352220793D223131342E3239383631313131313131313131223E3C2F6F6D6764693A776179706F696E743E0A20202020202020203C6F6D6764693A776179706F696E7420783D223534392E353330333637323438333031322220793D223132392E30373833393232383337343231223E3C2F6F6D6764693A776179706F696E743E0A2020202020203C2F62706D6E64693A42504D4E456467653E0A202020203C2F62706D6E64693A42504D4E506C616E653E0A20203C2F62706D6E64693A42504D4E4469616772616D3E0A3C2F646566696E6974696F6E733E, '0');
INSERT INTO `act_ge_bytearray` VALUES ('6', '1', '1.email.png', '4', 0x89504E470D0A1A0A0000000D494844520000024B000000A10806000000D7FDFBCF0000108349444154785EEDDD0B985C65790770A8ADBDB7D6DA9BADB76AADBD7BE9456D6DA9B5AD48016B9FCD4E76D9745DC81A24A5A0C51453238A360858DB4AD09656AC50EBA5582B95FB861821E1626B1582544C0222848009A6D82640C2F47D7766E9F8ED262CBB9B9D6FC2EFF73CFFE7CCCECCF9BE93CCEECE7FCF9C3973D0410000000000000000000000000000000000000000000000000000000000000000000000000000000000000000000000000000000000000000000000000000000000000000000000000000000000000000000000000000000000000000000000000000000000000000000000000000000000000000000000000000000000000000000000000000000000000000000000000000000000000000000000000000000000003C96349BCDC76FDAB4E923EBD7AF7F606C6CAC79F9E597CB3C27FEDF1F5ABB76ED9DAB57AF3EB27C7C00802E8BA2F4D178A26E6EDDBAB5B973E7CEE6FDF7DF2FF39CFC7FCFFFFF356BD6EC88F27458F91801005D947B94F289BA7C0297F9CF962D5BBE1A65E9BAF2310200BA285F7AB347A98EE4E310656957F91801005D94C7CC944FDAD2BDE4E3513E460040174DB72C7DFD6B5B9A9BAE3FB7B9E18AB78E272FE775E5FD6476519600A032D3294BF7DD7B47F3C64BDFD4FCDC274FFA86E475795B797F9979942500A8CC74CAD2ED1B3E31A9284DE42B1B2E9C747F9979942500A8CC74CAD217AE7CC7A4923491BCADBCBFCC3CCA120054663A65E9C6CB4F9954922692B795F7979947590280CA284B7545590280CA4CA72CE5BBDFCA923491BCADBCBFCC3CCA120054663A65E996ABCF9A54922692B795F7979947590280CA4CA72C6DBBE3F3CD1B2F7BF3A4A294D7E56DE5FD65E6519600A032D3294B99CD9FF9C0A4B294D795F793D945590280CA4CAB2CEDDAD5BC65DD7B2695A5BC2E6F9B747F9971942500A8CC2395A53C43F717AF7EF7A4A23491BCCD59BCE72ECA12005466AF6569D7AEE6965B56376FB8E48D930A5299BC4FDED75EA6D947590280CA4C55961E696FD2DE622FD3ECA32C014065A62A4BD3D99BB4B7E4BAE57832FD284B005099A9CA5259801E6DCAF164FA519600A032539525E95E942500A88CB25457942500A88CB25457942500A88CB25457942500AA72EEB9E73E77D5AA55E7AD58B162CB49279DF4F5254B96EC6E341ACD5CE6D7797DDE9EF72BD73D50284B75455902A00A679D75D6E8B265CBB61F73CC31CDB3CF3EBB79CD35D734376EDCD8DCB66D5B33E532BFCEEBF3F6BC5FDE3FD72BC7EA75CA525D519600E8AA33CF3CF305279F7CF21D279C704273FDFAF5CD3D7BF68C97A34792F7CBFBE77AB97E8E538EDDAB94A5BAA22C01D035A79F7EFAC8E2C58B775F74D145CDDDBB77977D685A72BD5C3FC7C9F1CA397A91B25457942500BAE2D4534F7DDB92254B1EBAF9E69BCBFE3323394E8E97E39673F51A65A9AE284B00CCBB152B562C7CCD6B5EB367EBD6AD65E799951C2FC7CDF1CB397B89B25457942500E6D5E8E8E873162F5EFCC05CED512AE5B8397ECE53CEDD2B94A5BAA22C0130AF4E3CF1C40D798CD1FE94E3E73CE5DCBD4259AA2BCA1200F3E6B8E38E7BC5F1C71FBF7BA607734F578E9FF3E47CE536F40265A9AE284B00CC9B282F5FCAB7FBCF879C27E72BB7A117284B75455902605EF4F5F5FDE8C8C8C803D33D8FD26CE53C395FCE5B6E4B37351A8D2B238794D7775296EA8AB204C0BC181D1D7DFDAA55ABE6A729B5E57C396FB92DDD941FDDD2CE5E4B93B25457942500E6C5B1C71EBB76BE5E829B90F3E5BCE5B674534759DA6B695296EA8AB204C0BC181D1DDDB869D3A6B2CFEC57395FCE5B6E4B374D519626952665A9AE284B00CC8BE1E1E11DDBB76F2FFBCC7E95F3E5BCE5B674D31425A9CC95CA525D51960098170303030F86B2CFEC57395FCE3B4521A93ACA525D51960098178B162DDADE8D3D4B396FB92DDD5416A38E5CD9F0325C9551960098172323233777E398A59CB7DC966EDA57499AA02CD5957C3C4E39E5946FEA7C8C0060CE0D0D0D5DB86EDDBAFD7BEAEE42CE97F396DBD24DFB2A491394A5BA928F473C560FF4F7F7DF1BCB4D917F5FB870E1E5918FC4E5BF899C165916198DFBF4C5F2B762F9FCBEBEBE670C0F0F3F211ED283CBC718002689278F63CF38E38C3BCB42B33FE57C396FB92DDDB4AF92344159AA2B137B96060606BE2FF2E391172C58B0E065ED629405E94F23EF88CB7F1BF968E48A2C54ED62F5B5481E37B73DB231727DE4B2C887639DF746E15A1979437CBD38967F1079695C7E5EE4E951B6BEF720450B1E519E7C387E6696C4CFD42762795DE4F646EB8FD25C5ED7BE7E496D27298649F29B746868E8BEF93C8377CED78B3F1CCA525D99ED314B59B4E2FBF089F10BFB99F10BFB17A310FD766441FEF28EE5C991D3E3B67322FF1CD78D45FE23726B6447A355B4B6456E693F095C1AF950E43D913F8F754E8AE5D1B17C5514B8DF8C22F7DCC8D3060707BFA7DC0E38D0E4F77C7CFFAF6D4C3EBC615F599BEB95634135E297F8BAABAEBAEA6B65B1D91F729E9CAFDC865EA02CD595D996A5D98892F5B8458B167D7F2C9F1585E89722BF1369E41ED3F8A5FFC6C81991BF8B5C10A56B752CFF33725B5CFEEF46AB68DD13F962E4DA58E792B8FE9FE2F2D991B7C7E5D7C77224F2FB9143E2F65F88799E7AC411477C77B91D5093F61F1E17372617A147938B739C726CE8BA6CF3471F7DF4DDBB77EFDF439772FC9CA757FF7A5096EA4A37CBD26C1C72C821DF1C85E849F147C34F447E392EBF7C61CB6BE3496279E4CC78C2F8FBC8C7226B229F8B7C39725FE481C8DD91FF8A5C934F2C910FC63AAB62796A2C5F1779758CF5CAC86F447E3EAE7FCAD0D0D07796DB0173295F026FB45ED67EB8F8C4F75D73E5CA95CDB1B1B1E6C68D1B9BDBB66D1B7F2EC8657E9DD7E7ED79BFCEF5729C1CAF9C03BA2E7EA95E7CC10517DC5EF49B3995E3E73CE5DCBD4259AA2BBD5A9666637474F45BFAFAFA7E200AD1B3232F8C1C1A4F2C0391E3227F163F5FEF8CBC2F2E7F3C969F8ADB3FDF681D1FF2F546AB686D8DEB6F8EE5FAC845917F8CBC3BF2D6C88991E158E7C878A2FAF5C1C1C19FCB97CB0F3FFCF0EF28B7033A355A7B421F3E775E7CEF34CF39E79CE6BDF7DE5B3E0D4C29EF97F7CFF526C6688F3752CE055D952F27C45FB9776FD8B0A155FDE7588E9BE3E73CE5DCBD4259AA2B8FC5B2341B59B4E22FF81F8CB2F49CC88BE2E7F115518C06234BE349E94D91BF88BC3FF2AF8DD6F1263744BE12F99FC8FD91BB225F88AC8B753E19CBF362F9D731D65B222744FE30AE3B22F292B8FC33B17C72FCBC7F7BB91D1C58DA7B941E2E4A4B972E6D6EDEBCB97C0A98965C2FD79F182BC7B58789EAE4376534FB7BEEBAEBAEFBCA6FE2D9C8F172DC5EFFA65796EA8AB2347FA2F43C3EF2C3518E7E2A9EC05E1C392C0AD151913F8AEB56C4F22F23FFD0DF7A77D3A7233746EE88FC6F6457644BE4A6C8D5910B231F88FC55E49458E78F238B62FDC3E377C4AFC63C3F7DD45147FDC8F0F0F0B795DB415DF28FDF46EB8D0EE3E566F9F2E5CD1D3B76944F018F4AAE9FE34C8C99E3F7F21FD91CA0E21B73248ACDD61B6EB8614E5E92CB7172BC1CB79CABD7284B754559EA0D597AB2FC6409CA3214C5E8F7E2F7C150E4F82C4BEDD294E5294BD455519A36C4F2CE46AB64EDCCCBEDEB3E9D652C4B5996B3F8FACDED3172ACC3222FCE3297A5EED0430FFDD6723B987B8DD64BB90FEF519A6D519A90E3147B982E2AE786AECB3D40F1CBE8EEF3CF3FFF33BB77EF7EA8FC469E8E5C2FD7CF717A7D8FD20465A9AE284B07BE7C192F9E289F9C2FEB457E2DF73EB5F742E5CB7E6FC99701E3F6F322FFD668EDB5CABD57F97261BE6C987BB572EF56BE9C982F2BE6CB8BEF8F75DED5DE1B967BC506F3E5C8B8FCA285AD97277F28F7A295DBF15813FF0FAFCCF39795D7776A9F1E60BCCCE4B146337DE96D6F72BCCE63987AF58D411CE0FADB6F011D1A1ABAEDB2CB2EFBEC9E3D7BA6559AF27E79FF5C2FD7CF71CAB17B95B254579425F6250F4CCF03D4E377D0CFC6EFA297345AC7530D375A07B2E701EDEF8E52707E7FEBF8AB750B5B07BEE75EF02C5A799CD6ED71DBE7E3FA4FC5E58F47CE6DB48EEBCAE3BBF280FA81B8FDD0C80B639E9FCCE3C1F2B8B0723B7A51FC9B2E69B44E6FB1786F1F29D468BDDC3A5E64F2E0ECFD21C79D9823E72BB701AAD1FEEB616DFCC2D8BE6CD9B2AB2FBDF4D26B6FBAE9A60DF7DC73CFF859BF73995FE7F5797BDE2FEF7F20FE15A02CD5156589FD254FB5303838F863F98EC07C6760EE698902F1EAC8EBE2F7DBA991B31AAD7712E6CB50790A873C95439ED221DF7198A778C8533DE4291FD6C43AFF12EBBF2FF2CEB8BC3C96AF5DD8F2F2B8FD57E2BA67E73B1CF39412E576744B6CD7B58DFF2F2979D6FB1777DE9E2534AE7B286FCFB7FD4FF75D6F8F568EDB715A818772DECEED80EAB47F381ED3A7AD5796EA8AB2448DE277E077C5EFC2A72C6C9DE3EA9046EBE4A223F1F5EB236FEB6F9D132BCF8D7549A3554AF2E4A4B917E7C185AD9396E65EF93C89E9958DD6B9B6F29C5B7992D337C63AC7461A030303BF9BE7E8CA7375B54F8EFAB8723B66A3BD4D9D7B7532795CD993F3F6DC8E89EB4F3BEDB4B2E3CCA91C7F62AE9CB7DC56A032CA525D519638D0E459DAA3F83C353F1E27F7CE473978559484A3237F12797BA37596F7FC589DFC789DFCA3353F6EE7AB8DD65BF7F363786E8D753EBBB075D6F80BE2F23971F9F4C8C9F1F592485C357EB6F93CEBFC3363AE274E55B41AADF25696A566BBCCE58753E7CB92E3D75D71C51565BF9953397EC7367CACDC56A032CA525D5196E06107E7E70E4699787AE479516A5EBAB0F501D0C7F4B73EA7303FAFF0BDB1FC70A3F581D1F9C1D15F6AB4DEF69F452B3F587A73A3F5F987F93988E32FB1ED23BB262E6FDAB4A9EC37732AC7EF98F7FAF21F0E544659AA2BCA12CC89838787879FD0D7D7F78C2854CF8F8275F814E5A8337B1A1D656AFBF6ED65BF9953397EC7DC77941B0F544659AA2BCA12CCBD818181A74D519032B746917A43E4498D8E3D4B0F3EF860D96FE6548EDFB10DBBCAED052AA32CD5156509E65E1E2FD5514E720F527E58F3119DA71068B4CE5F65CF123099B254579425987BED03CBEF8DBC2BDF6D57DE9E1AAD639EC60B8C6396806FA02CD5156509E65E9E8A204FE8595EDFA9D13AA5C17881F16E38E01B284B75455982EE709E2560AF94A5BAA22C4177388337B057CA525D5196A07B1A3E1B0E988AB254579425E89EF6E7868E1799C1C1C1E6E6CD9BCBAE332B395E8E3B31C781F879A370405296EA8AB204DDD5687D90F0789959BA746973C78E1D65E799911C27C7EBD8AB74513937502965A9AE284BD05D7D7D7DCF6AB43E3265BCD42C5FBE7CD68529D7CF713A8AD2B69CA79C1BA894B254579425E8BE050B16BCACD1FA7CB987F730CDF425B95CAFD8A3F4608E5FCE09544C59AA2BCA12D4214ACD486761CA638DF2E0ECE9BE4B2EEF97F7EF3C46A93DDE483917503965A9AE284B508FF61EA6ED1D6567FC6DFF2B57AE6C8E8D8D35376EDCD8DCB66DDB7839CA657E9DD7E7ED1DA70798C8767B94A047294B75455982BAF4F7F73FB3D1FA2CB9B2FC3C9A5C9CE39463033D4259AA2BCA12D4A97D5A81B55314A17D65ADD303C0014059AA2BCA12D4AD7DA6EF25FDFDFD9F88E57591DBDBC52897D7B5AF5FE2CCDC70005196EA8AB20400955196EA8AB2040095191B1B7B68E7CE9D939EB465FE138FC39D519676958F1100D0456BD7AEBD73EBD6AD939EB865FE73DB6DB77D28CAD275E563040074D1EAD5AB8F5CB366CD8E2D5BB67CD51EA6EE24FEDFB7DC7AEBAD1F8CA2F4E5C861E563040074593E41E71E8DC8FD79CC8CCC7BF2FF3DFFFF15250000000000000000000000000000000000000000000E3AE8FF0021B440694F4B937A0000000049454E44AE426082, '1');

-- ----------------------------
-- Table structure for act_ge_property
-- ----------------------------
DROP TABLE IF EXISTS `act_ge_property`;
CREATE TABLE `act_ge_property` (
  `NAME_` varchar(64) COLLATE utf8_bin NOT NULL,
  `VALUE_` varchar(300) COLLATE utf8_bin DEFAULT NULL,
  `REV_` int(11) DEFAULT NULL,
  PRIMARY KEY (`NAME_`)
) ENGINE=InnoDB DEFAULT CHARSET=utf8 COLLATE=utf8_bin;

-- ----------------------------
-- Records of act_ge_property
-- ----------------------------
INSERT INTO `act_ge_property` VALUES ('next.dbid', '22501', '10');
INSERT INTO `act_ge_property` VALUES ('schema.history', 'create(5.22.0.0)', '1');
INSERT INTO `act_ge_property` VALUES ('schema.version', '5.22.0.0', '1');

-- ----------------------------
-- Table structure for act_hi_actinst
-- ----------------------------
DROP TABLE IF EXISTS `act_hi_actinst`;
CREATE TABLE `act_hi_actinst` (
  `ID_` varchar(64) COLLATE utf8_bin NOT NULL,
  `PROC_DEF_ID_` varchar(64) COLLATE utf8_bin NOT NULL,
  `PROC_INST_ID_` varchar(64) COLLATE utf8_bin NOT NULL,
  `EXECUTION_ID_` varchar(64) COLLATE utf8_bin NOT NULL,
  `ACT_ID_` varchar(255) COLLATE utf8_bin NOT NULL,
  `TASK_ID_` varchar(64) COLLATE utf8_bin DEFAULT NULL,
  `CALL_PROC_INST_ID_` varchar(64) COLLATE utf8_bin DEFAULT NULL,
  `ACT_NAME_` varchar(255) COLLATE utf8_bin DEFAULT NULL,
  `ACT_TYPE_` varchar(255) COLLATE utf8_bin NOT NULL,
  `ASSIGNEE_` varchar(255) COLLATE utf8_bin DEFAULT NULL,
  `START_TIME_` datetime NOT NULL,
  `END_TIME_` datetime DEFAULT NULL,
  `DURATION_` bigint(20) DEFAULT NULL,
  `TENANT_ID_` varchar(255) COLLATE utf8_bin DEFAULT '',
  PRIMARY KEY (`ID_`),
  KEY `ACT_IDX_HI_ACT_INST_START` (`START_TIME_`),
  KEY `ACT_IDX_HI_ACT_INST_END` (`END_TIME_`),
  KEY `ACT_IDX_HI_ACT_INST_PROCINST` (`PROC_INST_ID_`,`ACT_ID_`),
  KEY `ACT_IDX_HI_ACT_INST_EXEC` (`EXECUTION_ID_`,`ACT_ID_`)
) ENGINE=InnoDB DEFAULT CHARSET=utf8 COLLATE=utf8_bin;

-- ----------------------------
-- Records of act_hi_actinst
-- ----------------------------
INSERT INTO `act_hi_actinst` VALUES ('10002', 'email:1:7', '10001', '10001', 'sid-9D611BB4-D042-44C9-9592-F21FE901A0F0', null, null, null, 'startEvent', null, '2018-11-09 15:52:19', '2018-11-09 15:52:19', '11', '');
INSERT INTO `act_hi_actinst` VALUES ('10005', 'email:1:7', '10001', '10001', 'sid-6B393D89-064F-45C3-9E78-130659B6BCF5', '10006', null, null, 'userTask', '1', '2018-11-09 15:52:19', null, null, '');
INSERT INTO `act_hi_actinst` VALUES ('12502', 'email:1:7', '12501', '12501', 'sid-9D611BB4-D042-44C9-9592-F21FE901A0F0', null, null, null, 'startEvent', null, '2018-11-09 16:47:21', '2018-11-09 16:47:21', '8', '');
INSERT INTO `act_hi_actinst` VALUES ('12505', 'email:1:7', '12501', '12501', 'sid-6B393D89-064F-45C3-9E78-130659B6BCF5', '12506', null, null, 'userTask', '1', '2018-11-09 16:47:21', null, null, '');
INSERT INTO `act_hi_actinst` VALUES ('15003', 'email:1:7', '15001', '15001', 'sid-9D611BB4-D042-44C9-9592-F21FE901A0F0', null, null, null, 'startEvent', null, '2018-11-12 22:14:06', '2018-11-12 22:14:06', '12', '');
INSERT INTO `act_hi_actinst` VALUES ('15006', 'email:1:7', '15001', '15001', 'sid-6B393D89-064F-45C3-9E78-130659B6BCF5', '15007', null, null, 'userTask', '2', '2018-11-12 22:14:06', null, null, '');
INSERT INTO `act_hi_actinst` VALUES ('15011', 'email:1:7', '15009', '15009', 'sid-9D611BB4-D042-44C9-9592-F21FE901A0F0', null, null, null, 'startEvent', null, '2018-11-12 22:18:44', '2018-11-12 22:18:44', '1', '');
INSERT INTO `act_hi_actinst` VALUES ('15014', 'email:1:7', '15009', '15009', 'sid-6B393D89-064F-45C3-9E78-130659B6BCF5', '15015', null, null, 'userTask', '2', '2018-11-12 22:18:44', null, null, '');
INSERT INTO `act_hi_actinst` VALUES ('17505', 'email:1:7', '17503', '17503', 'sid-9D611BB4-D042-44C9-9592-F21FE901A0F0', null, null, null, 'startEvent', null, '2018-11-12 23:13:20', '2018-11-12 23:13:20', '16', '');
INSERT INTO `act_hi_actinst` VALUES ('17508', 'email:1:7', '17503', '17503', 'sid-6B393D89-064F-45C3-9E78-130659B6BCF5', '17509', null, null, 'userTask', '116', '2018-11-12 23:13:20', null, null, '');
INSERT INTO `act_hi_actinst` VALUES ('20003', 'email:1:7', '20001', '20001', 'sid-9D611BB4-D042-44C9-9592-F21FE901A0F0', null, null, null, 'startEvent', null, '2018-11-12 23:26:22', '2018-11-12 23:26:22', '8', '');
INSERT INTO `act_hi_actinst` VALUES ('20006', 'email:1:7', '20001', '20001', 'sid-6B393D89-064F-45C3-9E78-130659B6BCF5', '20007', null, null, 'userTask', '116', '2018-11-12 23:26:22', null, null, '');
INSERT INTO `act_hi_actinst` VALUES ('5019', 'email:1:7', '5017', '5017', 'sid-9D611BB4-D042-44C9-9592-F21FE901A0F0', null, null, null, 'startEvent', null, '2018-11-08 09:18:51', '2018-11-08 09:18:51', '2', '');
INSERT INTO `act_hi_actinst` VALUES ('5022', 'email:1:7', '5017', '5017', 'sid-6B393D89-064F-45C3-9E78-130659B6BCF5', '5023', null, null, 'userTask', '1', '2018-11-08 09:18:51', '2018-11-08 17:38:59', '30008588', '');
INSERT INTO `act_hi_actinst` VALUES ('7501', 'email:1:7', '5017', '5017', 'sid-C7BAD054-A896-4D82-8CEB-9935245072A4', null, null, null, 'endEvent', null, '2018-11-08 17:38:59', '2018-11-08 17:38:59', '1', '');

-- ----------------------------
-- Table structure for act_hi_attachment
-- ----------------------------
DROP TABLE IF EXISTS `act_hi_attachment`;
CREATE TABLE `act_hi_attachment` (
  `ID_` varchar(64) COLLATE utf8_bin NOT NULL,
  `REV_` int(11) DEFAULT NULL,
  `USER_ID_` varchar(255) COLLATE utf8_bin DEFAULT NULL,
  `NAME_` varchar(255) COLLATE utf8_bin DEFAULT NULL,
  `DESCRIPTION_` varchar(4000) COLLATE utf8_bin DEFAULT NULL,
  `TYPE_` varchar(255) COLLATE utf8_bin DEFAULT NULL,
  `TASK_ID_` varchar(64) COLLATE utf8_bin DEFAULT NULL,
  `PROC_INST_ID_` varchar(64) COLLATE utf8_bin DEFAULT NULL,
  `URL_` varchar(4000) COLLATE utf8_bin DEFAULT NULL,
  `CONTENT_ID_` varchar(64) COLLATE utf8_bin DEFAULT NULL,
  `TIME_` datetime DEFAULT NULL,
  PRIMARY KEY (`ID_`)
) ENGINE=InnoDB DEFAULT CHARSET=utf8 COLLATE=utf8_bin;

-- ----------------------------
-- Records of act_hi_attachment
-- ----------------------------

-- ----------------------------
-- Table structure for act_hi_comment
-- ----------------------------
DROP TABLE IF EXISTS `act_hi_comment`;
CREATE TABLE `act_hi_comment` (
  `ID_` varchar(64) COLLATE utf8_bin NOT NULL,
  `TYPE_` varchar(255) COLLATE utf8_bin DEFAULT NULL,
  `TIME_` datetime NOT NULL,
  `USER_ID_` varchar(255) COLLATE utf8_bin DEFAULT NULL,
  `TASK_ID_` varchar(64) COLLATE utf8_bin DEFAULT NULL,
  `PROC_INST_ID_` varchar(64) COLLATE utf8_bin DEFAULT NULL,
  `ACTION_` varchar(255) COLLATE utf8_bin DEFAULT NULL,
  `MESSAGE_` varchar(4000) COLLATE utf8_bin DEFAULT NULL,
  `FULL_MSG_` longblob DEFAULT NULL,
  PRIMARY KEY (`ID_`)
) ENGINE=InnoDB DEFAULT CHARSET=utf8 COLLATE=utf8_bin;

-- ----------------------------
-- Records of act_hi_comment
-- ----------------------------

-- ----------------------------
-- Table structure for act_hi_detail
-- ----------------------------
DROP TABLE IF EXISTS `act_hi_detail`;
CREATE TABLE `act_hi_detail` (
  `ID_` varchar(64) COLLATE utf8_bin NOT NULL,
  `TYPE_` varchar(255) COLLATE utf8_bin NOT NULL,
  `PROC_INST_ID_` varchar(64) COLLATE utf8_bin DEFAULT NULL,
  `EXECUTION_ID_` varchar(64) COLLATE utf8_bin DEFAULT NULL,
  `TASK_ID_` varchar(64) COLLATE utf8_bin DEFAULT NULL,
  `ACT_INST_ID_` varchar(64) COLLATE utf8_bin DEFAULT NULL,
  `NAME_` varchar(255) COLLATE utf8_bin NOT NULL,
  `VAR_TYPE_` varchar(255) COLLATE utf8_bin DEFAULT NULL,
  `REV_` int(11) DEFAULT NULL,
  `TIME_` datetime NOT NULL,
  `BYTEARRAY_ID_` varchar(64) COLLATE utf8_bin DEFAULT NULL,
  `DOUBLE_` double DEFAULT NULL,
  `LONG_` bigint(20) DEFAULT NULL,
  `TEXT_` varchar(4000) COLLATE utf8_bin DEFAULT NULL,
  `TEXT2_` varchar(4000) COLLATE utf8_bin DEFAULT NULL,
  PRIMARY KEY (`ID_`),
  KEY `ACT_IDX_HI_DETAIL_PROC_INST` (`PROC_INST_ID_`),
  KEY `ACT_IDX_HI_DETAIL_ACT_INST` (`ACT_INST_ID_`),
  KEY `ACT_IDX_HI_DETAIL_TIME` (`TIME_`),
  KEY `ACT_IDX_HI_DETAIL_NAME` (`NAME_`),
  KEY `ACT_IDX_HI_DETAIL_TASK_ID` (`TASK_ID_`)
) ENGINE=InnoDB DEFAULT CHARSET=utf8 COLLATE=utf8_bin;

-- ----------------------------
-- Records of act_hi_detail
-- ----------------------------

-- ----------------------------
-- Table structure for act_hi_identitylink
-- ----------------------------
DROP TABLE IF EXISTS `act_hi_identitylink`;
CREATE TABLE `act_hi_identitylink` (
  `ID_` varchar(64) COLLATE utf8_bin NOT NULL,
  `GROUP_ID_` varchar(255) COLLATE utf8_bin DEFAULT NULL,
  `TYPE_` varchar(255) COLLATE utf8_bin DEFAULT NULL,
  `USER_ID_` varchar(255) COLLATE utf8_bin DEFAULT NULL,
  `TASK_ID_` varchar(64) COLLATE utf8_bin DEFAULT NULL,
  `PROC_INST_ID_` varchar(64) COLLATE utf8_bin DEFAULT NULL,
  PRIMARY KEY (`ID_`),
  KEY `ACT_IDX_HI_IDENT_LNK_USER` (`USER_ID_`),
  KEY `ACT_IDX_HI_IDENT_LNK_TASK` (`TASK_ID_`),
  KEY `ACT_IDX_HI_IDENT_LNK_PROCINST` (`PROC_INST_ID_`)
) ENGINE=InnoDB DEFAULT CHARSET=utf8 COLLATE=utf8_bin;

-- ----------------------------
-- Records of act_hi_identitylink
-- ----------------------------
INSERT INTO `act_hi_identitylink` VALUES ('10007', 'leader', 'candidate', null, '10006', null);
INSERT INTO `act_hi_identitylink` VALUES ('10008', null, 'participant', '1', null, '10001');
INSERT INTO `act_hi_identitylink` VALUES ('12507', 'leader', 'candidate', null, '12506', null);
INSERT INTO `act_hi_identitylink` VALUES ('12508', null, 'participant', '1', null, '12501');
INSERT INTO `act_hi_identitylink` VALUES ('15002', null, 'starter', 'test', null, '15001');
INSERT INTO `act_hi_identitylink` VALUES ('15008', 'leader', 'candidate', null, '15007', null);
INSERT INTO `act_hi_identitylink` VALUES ('15010', null, 'starter', 'test', null, '15009');
INSERT INTO `act_hi_identitylink` VALUES ('15016', 'leader', 'candidate', null, '15015', null);
INSERT INTO `act_hi_identitylink` VALUES ('17501', null, 'participant', '2', null, '15001');
INSERT INTO `act_hi_identitylink` VALUES ('17502', null, 'participant', '2', null, '15009');
INSERT INTO `act_hi_identitylink` VALUES ('17504', null, 'starter', 'test', null, '17503');
INSERT INTO `act_hi_identitylink` VALUES ('17510', 'leader', 'candidate', null, '17509', null);
INSERT INTO `act_hi_identitylink` VALUES ('17511', null, 'participant', '116', null, '17503');
INSERT INTO `act_hi_identitylink` VALUES ('20002', null, 'starter', '2', null, '20001');
INSERT INTO `act_hi_identitylink` VALUES ('20008', 'leader', 'candidate', null, '20007', null);
INSERT INTO `act_hi_identitylink` VALUES ('20009', null, 'participant', '116', null, '20001');
INSERT INTO `act_hi_identitylink` VALUES ('5018', null, 'starter', '1', null, '5017');
INSERT INTO `act_hi_identitylink` VALUES ('5024', 'leader', 'candidate', null, '5023', null);

-- ----------------------------
-- Table structure for act_hi_procinst
-- ----------------------------
DROP TABLE IF EXISTS `act_hi_procinst`;
CREATE TABLE `act_hi_procinst` (
  `ID_` varchar(64) COLLATE utf8_bin NOT NULL,
  `PROC_INST_ID_` varchar(64) COLLATE utf8_bin NOT NULL,
  `BUSINESS_KEY_` varchar(255) COLLATE utf8_bin DEFAULT NULL,
  `PROC_DEF_ID_` varchar(64) COLLATE utf8_bin NOT NULL,
  `START_TIME_` datetime NOT NULL,
  `END_TIME_` datetime DEFAULT NULL,
  `DURATION_` bigint(20) DEFAULT NULL,
  `START_USER_ID_` varchar(255) COLLATE utf8_bin DEFAULT NULL,
  `START_ACT_ID_` varchar(255) COLLATE utf8_bin DEFAULT NULL,
  `END_ACT_ID_` varchar(255) COLLATE utf8_bin DEFAULT NULL,
  `SUPER_PROCESS_INSTANCE_ID_` varchar(64) COLLATE utf8_bin DEFAULT NULL,
  `DELETE_REASON_` varchar(4000) COLLATE utf8_bin DEFAULT NULL,
  `TENANT_ID_` varchar(255) COLLATE utf8_bin DEFAULT '',
  `NAME_` varchar(255) COLLATE utf8_bin DEFAULT NULL,
  PRIMARY KEY (`ID_`),
  UNIQUE KEY `PROC_INST_ID_` (`PROC_INST_ID_`),
  KEY `ACT_IDX_HI_PRO_INST_END` (`END_TIME_`),
  KEY `ACT_IDX_HI_PRO_I_BUSKEY` (`BUSINESS_KEY_`)
) ENGINE=InnoDB DEFAULT CHARSET=utf8 COLLATE=utf8_bin;

-- ----------------------------
-- Records of act_hi_procinst
-- ----------------------------
INSERT INTO `act_hi_procinst` VALUES ('10001', '10001', '368c8a4263cd424ca131095603a9e635', 'email:1:7', '2018-11-09 15:52:19', null, null, null, 'sid-9D611BB4-D042-44C9-9592-F21FE901A0F0', null, null, null, '', null);
INSERT INTO `act_hi_procinst` VALUES ('12501', '12501', 'c427c5ab0585404f9132dabc5876be45', 'email:1:7', '2018-11-09 16:47:21', null, null, null, 'sid-9D611BB4-D042-44C9-9592-F21FE901A0F0', null, null, null, '', null);
INSERT INTO `act_hi_procinst` VALUES ('15001', '15001', '50f75db397614398a7b7b30918c2f85b', 'email:1:7', '2018-11-12 22:14:06', null, null, 'test', 'sid-9D611BB4-D042-44C9-9592-F21FE901A0F0', null, null, null, '', null);
INSERT INTO `act_hi_procinst` VALUES ('15009', '15009', '6711ae827dbd421fa3541c70a6139cbd', 'email:1:7', '2018-11-12 22:18:44', null, null, 'test', 'sid-9D611BB4-D042-44C9-9592-F21FE901A0F0', null, null, null, '', null);
INSERT INTO `act_hi_procinst` VALUES ('17503', '17503', 'e0b089311b524eb8b832737abb630cf3', 'email:1:7', '2018-11-12 23:13:20', null, null, 'test', 'sid-9D611BB4-D042-44C9-9592-F21FE901A0F0', null, null, null, '', null);
INSERT INTO `act_hi_procinst` VALUES ('20001', '20001', 'ac8e8394a7cb40149407e0d1f20331be', 'email:1:7', '2018-11-12 23:26:22', null, null, '2', 'sid-9D611BB4-D042-44C9-9592-F21FE901A0F0', null, null, null, '', null);
INSERT INTO `act_hi_procinst` VALUES ('5017', '5017', '3cf8f883acbf4485867c853c75af0f36', 'email:1:7', '2018-11-08 09:18:51', '2018-11-08 17:38:59', '30008639', '1', 'sid-9D611BB4-D042-44C9-9592-F21FE901A0F0', 'sid-C7BAD054-A896-4D82-8CEB-9935245072A4', null, null, '', null);

-- ----------------------------
-- Table structure for act_hi_taskinst
-- ----------------------------
DROP TABLE IF EXISTS `act_hi_taskinst`;
CREATE TABLE `act_hi_taskinst` (
  `ID_` varchar(64) COLLATE utf8_bin NOT NULL,
  `PROC_DEF_ID_` varchar(64) COLLATE utf8_bin DEFAULT NULL,
  `TASK_DEF_KEY_` varchar(255) COLLATE utf8_bin DEFAULT NULL,
  `PROC_INST_ID_` varchar(64) COLLATE utf8_bin DEFAULT NULL,
  `EXECUTION_ID_` varchar(64) COLLATE utf8_bin DEFAULT NULL,
  `NAME_` varchar(255) COLLATE utf8_bin DEFAULT NULL,
  `PARENT_TASK_ID_` varchar(64) COLLATE utf8_bin DEFAULT NULL,
  `DESCRIPTION_` varchar(4000) COLLATE utf8_bin DEFAULT NULL,
  `OWNER_` varchar(255) COLLATE utf8_bin DEFAULT NULL,
  `ASSIGNEE_` varchar(255) COLLATE utf8_bin DEFAULT NULL,
  `START_TIME_` datetime NOT NULL,
  `CLAIM_TIME_` datetime DEFAULT NULL,
  `END_TIME_` datetime DEFAULT NULL,
  `DURATION_` bigint(20) DEFAULT NULL,
  `DELETE_REASON_` varchar(4000) COLLATE utf8_bin DEFAULT NULL,
  `PRIORITY_` int(11) DEFAULT NULL,
  `DUE_DATE_` datetime DEFAULT NULL,
  `FORM_KEY_` varchar(255) COLLATE utf8_bin DEFAULT NULL,
  `CATEGORY_` varchar(255) COLLATE utf8_bin DEFAULT NULL,
  `TENANT_ID_` varchar(255) COLLATE utf8_bin DEFAULT '',
  PRIMARY KEY (`ID_`),
  KEY `ACT_IDX_HI_TASK_INST_PROCINST` (`PROC_INST_ID_`)
) ENGINE=InnoDB DEFAULT CHARSET=utf8 COLLATE=utf8_bin;

-- ----------------------------
-- Records of act_hi_taskinst
-- ----------------------------
INSERT INTO `act_hi_taskinst` VALUES ('10006', 'email:1:7', 'sid-6B393D89-064F-45C3-9E78-130659B6BCF5', '10001', '10001', null, null, null, null, '1', '2018-11-09 15:52:19', '2018-11-09 15:52:35', null, null, null, '50', null, null, null, '');
INSERT INTO `act_hi_taskinst` VALUES ('12506', 'email:1:7', 'sid-6B393D89-064F-45C3-9E78-130659B6BCF5', '12501', '12501', null, null, null, null, '1', '2018-11-09 16:47:21', '2018-11-09 16:51:47', null, null, null, '50', null, null, null, '');
INSERT INTO `act_hi_taskinst` VALUES ('15007', 'email:1:7', 'sid-6B393D89-064F-45C3-9E78-130659B6BCF5', '15001', '15001', null, null, null, null, '2', '2018-11-12 22:14:06', '2018-11-12 22:55:05', null, null, null, '50', null, null, null, '');
INSERT INTO `act_hi_taskinst` VALUES ('15015', 'email:1:7', 'sid-6B393D89-064F-45C3-9E78-130659B6BCF5', '15009', '15009', null, null, null, null, '2', '2018-11-12 22:18:44', '2018-11-12 22:55:05', null, null, null, '50', null, null, null, '');
INSERT INTO `act_hi_taskinst` VALUES ('17509', 'email:1:7', 'sid-6B393D89-064F-45C3-9E78-130659B6BCF5', '17503', '17503', null, null, null, null, '116', '2018-11-12 23:13:20', '2018-11-12 23:13:25', null, null, null, '50', null, null, null, '');
INSERT INTO `act_hi_taskinst` VALUES ('20007', 'email:1:7', 'sid-6B393D89-064F-45C3-9E78-130659B6BCF5', '20001', '20001', null, null, null, null, '116', '2018-11-12 23:26:22', '2018-11-12 23:27:47', null, null, null, '50', null, null, null, '');
INSERT INTO `act_hi_taskinst` VALUES ('5023', 'email:1:7', 'sid-6B393D89-064F-45C3-9E78-130659B6BCF5', '5017', '5017', null, null, null, null, '1', '2018-11-08 09:18:51', '2018-11-08 09:19:00', '2018-11-08 17:38:59', '30008559', 'completed', '50', null, null, null, '');

-- ----------------------------
-- Table structure for act_hi_varinst
-- ----------------------------
DROP TABLE IF EXISTS `act_hi_varinst`;
CREATE TABLE `act_hi_varinst` (
  `ID_` varchar(64) COLLATE utf8_bin NOT NULL,
  `PROC_INST_ID_` varchar(64) COLLATE utf8_bin DEFAULT NULL,
  `EXECUTION_ID_` varchar(64) COLLATE utf8_bin DEFAULT NULL,
  `TASK_ID_` varchar(64) COLLATE utf8_bin DEFAULT NULL,
  `NAME_` varchar(255) COLLATE utf8_bin NOT NULL,
  `VAR_TYPE_` varchar(100) COLLATE utf8_bin DEFAULT NULL,
  `REV_` int(11) DEFAULT NULL,
  `BYTEARRAY_ID_` varchar(64) COLLATE utf8_bin DEFAULT NULL,
  `DOUBLE_` double DEFAULT NULL,
  `LONG_` bigint(20) DEFAULT NULL,
  `TEXT_` varchar(4000) COLLATE utf8_bin DEFAULT NULL,
  `TEXT2_` varchar(4000) COLLATE utf8_bin DEFAULT NULL,
  `CREATE_TIME_` datetime DEFAULT NULL,
  `LAST_UPDATED_TIME_` datetime DEFAULT NULL,
  PRIMARY KEY (`ID_`),
  KEY `ACT_IDX_HI_PROCVAR_PROC_INST` (`PROC_INST_ID_`),
  KEY `ACT_IDX_HI_PROCVAR_NAME_TYPE` (`NAME_`,`VAR_TYPE_`),
  KEY `ACT_IDX_HI_PROCVAR_TASK_ID` (`TASK_ID_`)
) ENGINE=InnoDB DEFAULT CHARSET=utf8 COLLATE=utf8_bin;

-- ----------------------------
-- Records of act_hi_varinst
-- ----------------------------
INSERT INTO `act_hi_varinst` VALUES ('10003', '10001', '10001', null, 'busId', 'string', '0', null, null, null, '368c8a4263cd424ca131095603a9e635', null, '2018-11-09 15:52:19', '2018-11-09 15:52:19');
INSERT INTO `act_hi_varinst` VALUES ('10004', '10001', '10001', null, 'type', 'string', '0', null, null, null, 'email', null, '2018-11-09 15:52:19', '2018-11-09 15:52:19');
INSERT INTO `act_hi_varinst` VALUES ('12503', '12501', '12501', null, 'busId', 'string', '0', null, null, null, 'c427c5ab0585404f9132dabc5876be45', null, '2018-11-09 16:47:21', '2018-11-09 16:47:21');
INSERT INTO `act_hi_varinst` VALUES ('12504', '12501', '12501', null, 'type', 'string', '0', null, null, null, 'email', null, '2018-11-09 16:47:21', '2018-11-09 16:47:21');
INSERT INTO `act_hi_varinst` VALUES ('15004', '15001', '15001', null, 'busId', 'string', '0', null, null, null, '50f75db397614398a7b7b30918c2f85b', null, '2018-11-12 22:14:06', '2018-11-12 22:14:06');
INSERT INTO `act_hi_varinst` VALUES ('15005', '15001', '15001', null, 'type', 'string', '0', null, null, null, 'email', null, '2018-11-12 22:14:06', '2018-11-12 22:14:06');
INSERT INTO `act_hi_varinst` VALUES ('15012', '15009', '15009', null, 'busId', 'string', '0', null, null, null, '6711ae827dbd421fa3541c70a6139cbd', null, '2018-11-12 22:18:44', '2018-11-12 22:18:44');
INSERT INTO `act_hi_varinst` VALUES ('15013', '15009', '15009', null, 'type', 'string', '0', null, null, null, 'email', null, '2018-11-12 22:18:44', '2018-11-12 22:18:44');
INSERT INTO `act_hi_varinst` VALUES ('17506', '17503', '17503', null, 'busId', 'string', '0', null, null, null, 'e0b089311b524eb8b832737abb630cf3', null, '2018-11-12 23:13:20', '2018-11-12 23:13:20');
INSERT INTO `act_hi_varinst` VALUES ('17507', '17503', '17503', null, 'type', 'string', '0', null, null, null, 'email', null, '2018-11-12 23:13:20', '2018-11-12 23:13:20');
INSERT INTO `act_hi_varinst` VALUES ('20004', '20001', '20001', null, 'busId', 'string', '0', null, null, null, 'ac8e8394a7cb40149407e0d1f20331be', null, '2018-11-12 23:26:22', '2018-11-12 23:26:22');
INSERT INTO `act_hi_varinst` VALUES ('20005', '20001', '20001', null, 'type', 'string', '0', null, null, null, 'email', null, '2018-11-12 23:26:22', '2018-11-12 23:26:22');
INSERT INTO `act_hi_varinst` VALUES ('5020', '5017', '5017', null, 'busId', 'string', '1', null, null, null, '3cf8f883acbf4485867c853c75af0f36', null, '2018-11-08 09:18:51', '2018-11-08 17:38:59');
INSERT INTO `act_hi_varinst` VALUES ('5021', '5017', '5017', null, 'type', 'string', '1', null, null, null, 'email', null, '2018-11-08 09:18:51', '2018-11-08 17:38:59');

-- ----------------------------
-- Table structure for act_id_group
-- ----------------------------
DROP TABLE IF EXISTS `act_id_group`;
CREATE TABLE `act_id_group` (
  `ID_` varchar(64) COLLATE utf8_bin NOT NULL,
  `REV_` int(11) DEFAULT NULL,
  `NAME_` varchar(255) COLLATE utf8_bin DEFAULT NULL,
  `TYPE_` varchar(255) COLLATE utf8_bin DEFAULT NULL,
  PRIMARY KEY (`ID_`)
) ENGINE=InnoDB DEFAULT CHARSET=utf8 COLLATE=utf8_bin;

-- ----------------------------
-- Records of act_id_group
-- ----------------------------
INSERT INTO `act_id_group` VALUES ('1', '1', 'leader', '1');

-- ----------------------------
-- Table structure for act_id_info
-- ----------------------------
DROP TABLE IF EXISTS `act_id_info`;
CREATE TABLE `act_id_info` (
  `ID_` varchar(64) COLLATE utf8_bin NOT NULL,
  `REV_` int(11) DEFAULT NULL,
  `USER_ID_` varchar(64) COLLATE utf8_bin DEFAULT NULL,
  `TYPE_` varchar(64) COLLATE utf8_bin DEFAULT NULL,
  `KEY_` varchar(255) COLLATE utf8_bin DEFAULT NULL,
  `VALUE_` varchar(255) COLLATE utf8_bin DEFAULT NULL,
  `PASSWORD_` longblob DEFAULT NULL,
  `PARENT_ID_` varchar(255) COLLATE utf8_bin DEFAULT NULL,
  PRIMARY KEY (`ID_`)
) ENGINE=InnoDB DEFAULT CHARSET=utf8 COLLATE=utf8_bin;

-- ----------------------------
-- Records of act_id_info
-- ----------------------------

-- ----------------------------
-- Table structure for act_id_membership
-- ----------------------------
DROP TABLE IF EXISTS `act_id_membership`;
CREATE TABLE `act_id_membership` (
  `USER_ID_` varchar(64) COLLATE utf8_bin NOT NULL,
  `GROUP_ID_` varchar(64) COLLATE utf8_bin NOT NULL,
  PRIMARY KEY (`USER_ID_`,`GROUP_ID_`),
  KEY `ACT_FK_MEMB_GROUP` (`GROUP_ID_`),
  CONSTRAINT `act_id_membership_ibfk_1` FOREIGN KEY (`GROUP_ID_`) REFERENCES `act_id_group` (`ID_`),
  CONSTRAINT `act_id_membership_ibfk_2` FOREIGN KEY (`USER_ID_`) REFERENCES `act_id_user` (`ID_`)
) ENGINE=InnoDB DEFAULT CHARSET=utf8 COLLATE=utf8_bin;

-- ----------------------------
-- Records of act_id_membership
-- ----------------------------
INSERT INTO `act_id_membership` VALUES ('1', '1');

-- ----------------------------
-- Table structure for act_id_user
-- ----------------------------
DROP TABLE IF EXISTS `act_id_user`;
CREATE TABLE `act_id_user` (
  `ID_` varchar(64) COLLATE utf8_bin NOT NULL,
  `REV_` int(11) DEFAULT NULL,
  `FIRST_` varchar(255) COLLATE utf8_bin DEFAULT NULL,
  `LAST_` varchar(255) COLLATE utf8_bin DEFAULT NULL,
  `EMAIL_` varchar(255) COLLATE utf8_bin DEFAULT NULL,
  `PWD_` varchar(255) COLLATE utf8_bin DEFAULT NULL,
  `PICTURE_ID_` varchar(64) COLLATE utf8_bin DEFAULT NULL,
  PRIMARY KEY (`ID_`)
) ENGINE=InnoDB DEFAULT CHARSET=utf8 COLLATE=utf8_bin;

-- ----------------------------
-- Records of act_id_user
-- ----------------------------
INSERT INTO `act_id_user` VALUES ('1', '1', 'chen', 'ye', null, '1', null);

-- ----------------------------
-- Table structure for act_procdef_info
-- ----------------------------
DROP TABLE IF EXISTS `act_procdef_info`;
CREATE TABLE `act_procdef_info` (
  `ID_` varchar(64) COLLATE utf8_bin NOT NULL,
  `PROC_DEF_ID_` varchar(64) COLLATE utf8_bin NOT NULL,
  `REV_` int(11) DEFAULT NULL,
  `INFO_JSON_ID_` varchar(64) COLLATE utf8_bin DEFAULT NULL,
  PRIMARY KEY (`ID_`),
  UNIQUE KEY `ACT_UNIQ_INFO_PROCDEF` (`PROC_DEF_ID_`),
  KEY `ACT_IDX_INFO_PROCDEF` (`PROC_DEF_ID_`),
  KEY `ACT_FK_INFO_JSON_BA` (`INFO_JSON_ID_`),
  CONSTRAINT `act_procdef_info_ibfk_1` FOREIGN KEY (`INFO_JSON_ID_`) REFERENCES `act_ge_bytearray` (`ID_`),
  CONSTRAINT `act_procdef_info_ibfk_2` FOREIGN KEY (`PROC_DEF_ID_`) REFERENCES `act_re_procdef` (`ID_`)
) ENGINE=InnoDB DEFAULT CHARSET=utf8 COLLATE=utf8_bin;

-- ----------------------------
-- Records of act_procdef_info
-- ----------------------------

-- ----------------------------
-- Table structure for act_re_deployment
-- ----------------------------
DROP TABLE IF EXISTS `act_re_deployment`;
CREATE TABLE `act_re_deployment` (
  `ID_` varchar(64) COLLATE utf8_bin NOT NULL,
  `NAME_` varchar(255) COLLATE utf8_bin DEFAULT NULL,
  `CATEGORY_` varchar(255) COLLATE utf8_bin DEFAULT NULL,
  `TENANT_ID_` varchar(255) COLLATE utf8_bin DEFAULT '',
  `DEPLOY_TIME_` timestamp NULL DEFAULT NULL,
  PRIMARY KEY (`ID_`)
) ENGINE=InnoDB DEFAULT CHARSET=utf8 COLLATE=utf8_bin;

-- ----------------------------
-- Records of act_re_deployment
-- ----------------------------
INSERT INTO `act_re_deployment` VALUES ('4', '1', null, '', '2018-11-07 14:52:46');

-- ----------------------------
-- Table structure for act_re_model
-- ----------------------------
DROP TABLE IF EXISTS `act_re_model`;
CREATE TABLE `act_re_model` (
  `ID_` varchar(64) COLLATE utf8_bin NOT NULL,
  `REV_` int(11) DEFAULT NULL,
  `NAME_` varchar(255) COLLATE utf8_bin DEFAULT NULL,
  `KEY_` varchar(255) COLLATE utf8_bin DEFAULT NULL,
  `CATEGORY_` varchar(255) COLLATE utf8_bin DEFAULT NULL,
  `CREATE_TIME_` timestamp NULL DEFAULT NULL,
  `LAST_UPDATE_TIME_` timestamp NULL DEFAULT NULL,
  `VERSION_` int(11) DEFAULT NULL,
  `META_INFO_` varchar(4000) COLLATE utf8_bin DEFAULT NULL,
  `DEPLOYMENT_ID_` varchar(64) COLLATE utf8_bin DEFAULT NULL,
  `EDITOR_SOURCE_VALUE_ID_` varchar(64) COLLATE utf8_bin DEFAULT NULL,
  `EDITOR_SOURCE_EXTRA_VALUE_ID_` varchar(64) COLLATE utf8_bin DEFAULT NULL,
  `TENANT_ID_` varchar(255) COLLATE utf8_bin DEFAULT '',
  PRIMARY KEY (`ID_`),
  KEY `ACT_FK_MODEL_SOURCE` (`EDITOR_SOURCE_VALUE_ID_`),
  KEY `ACT_FK_MODEL_SOURCE_EXTRA` (`EDITOR_SOURCE_EXTRA_VALUE_ID_`),
  KEY `ACT_FK_MODEL_DEPLOYMENT` (`DEPLOYMENT_ID_`),
  CONSTRAINT `act_re_model_ibfk_1` FOREIGN KEY (`DEPLOYMENT_ID_`) REFERENCES `act_re_deployment` (`ID_`),
  CONSTRAINT `act_re_model_ibfk_2` FOREIGN KEY (`EDITOR_SOURCE_VALUE_ID_`) REFERENCES `act_ge_bytearray` (`ID_`),
  CONSTRAINT `act_re_model_ibfk_3` FOREIGN KEY (`EDITOR_SOURCE_EXTRA_VALUE_ID_`) REFERENCES `act_ge_bytearray` (`ID_`)
) ENGINE=InnoDB DEFAULT CHARSET=utf8 COLLATE=utf8_bin;

-- ----------------------------
-- Records of act_re_model
-- ----------------------------
INSERT INTO `act_re_model` VALUES ('1', '11', '邮件审批model', '1', '1', '2018-11-07 14:52:12', '2018-11-12 23:11:07', '1', '{\"name\":\"邮件审批model\",\"revision\":1,\"description\":\"1\"}', null, '2', '3', '');

-- ----------------------------
-- Table structure for act_re_procdef
-- ----------------------------
DROP TABLE IF EXISTS `act_re_procdef`;
CREATE TABLE `act_re_procdef` (
  `ID_` varchar(64) COLLATE utf8_bin NOT NULL,
  `REV_` int(11) DEFAULT NULL,
  `CATEGORY_` varchar(255) COLLATE utf8_bin DEFAULT NULL,
  `NAME_` varchar(255) COLLATE utf8_bin DEFAULT NULL,
  `KEY_` varchar(255) COLLATE utf8_bin NOT NULL,
  `VERSION_` int(11) NOT NULL,
  `DEPLOYMENT_ID_` varchar(64) COLLATE utf8_bin DEFAULT NULL,
  `RESOURCE_NAME_` varchar(4000) COLLATE utf8_bin DEFAULT NULL,
  `DGRM_RESOURCE_NAME_` varchar(4000) COLLATE utf8_bin DEFAULT NULL,
  `DESCRIPTION_` varchar(4000) COLLATE utf8_bin DEFAULT NULL,
  `HAS_START_FORM_KEY_` tinyint(4) DEFAULT NULL,
  `HAS_GRAPHICAL_NOTATION_` tinyint(4) DEFAULT NULL,
  `SUSPENSION_STATE_` int(11) DEFAULT NULL,
  `TENANT_ID_` varchar(255) COLLATE utf8_bin DEFAULT '',
  PRIMARY KEY (`ID_`),
  UNIQUE KEY `ACT_UNIQ_PROCDEF` (`KEY_`,`VERSION_`,`TENANT_ID_`)
) ENGINE=InnoDB DEFAULT CHARSET=utf8 COLLATE=utf8_bin;

-- ----------------------------
-- Records of act_re_procdef
-- ----------------------------
INSERT INTO `act_re_procdef` VALUES ('email:1:7', '2', '1', null, 'email', '1', '4', '1.bpmn20.xml', '1.email.png', null, '0', '1', '1', '');

-- ----------------------------
-- Table structure for act_ru_event_subscr
-- ----------------------------
DROP TABLE IF EXISTS `act_ru_event_subscr`;
CREATE TABLE `act_ru_event_subscr` (
  `ID_` varchar(64) COLLATE utf8_bin NOT NULL,
  `REV_` int(11) DEFAULT NULL,
  `EVENT_TYPE_` varchar(255) COLLATE utf8_bin NOT NULL,
  `EVENT_NAME_` varchar(255) COLLATE utf8_bin DEFAULT NULL,
  `EXECUTION_ID_` varchar(64) COLLATE utf8_bin DEFAULT NULL,
  `PROC_INST_ID_` varchar(64) COLLATE utf8_bin DEFAULT NULL,
  `ACTIVITY_ID_` varchar(64) COLLATE utf8_bin DEFAULT NULL,
  `CONFIGURATION_` varchar(255) COLLATE utf8_bin DEFAULT NULL,
  `CREATED_` timestamp NOT NULL DEFAULT current_timestamp(),
  `PROC_DEF_ID_` varchar(64) COLLATE utf8_bin DEFAULT NULL,
  `TENANT_ID_` varchar(255) COLLATE utf8_bin DEFAULT '',
  PRIMARY KEY (`ID_`),
  KEY `ACT_IDX_EVENT_SUBSCR_CONFIG_` (`CONFIGURATION_`),
  KEY `ACT_FK_EVENT_EXEC` (`EXECUTION_ID_`),
  CONSTRAINT `act_ru_event_subscr_ibfk_1` FOREIGN KEY (`EXECUTION_ID_`) REFERENCES `act_ru_execution` (`ID_`)
) ENGINE=InnoDB DEFAULT CHARSET=utf8 COLLATE=utf8_bin;

-- ----------------------------
-- Records of act_ru_event_subscr
-- ----------------------------

-- ----------------------------
-- Table structure for act_ru_execution
-- ----------------------------
DROP TABLE IF EXISTS `act_ru_execution`;
CREATE TABLE `act_ru_execution` (
  `ID_` varchar(64) COLLATE utf8_bin NOT NULL,
  `REV_` int(11) DEFAULT NULL,
  `PROC_INST_ID_` varchar(64) COLLATE utf8_bin DEFAULT NULL,
  `BUSINESS_KEY_` varchar(255) COLLATE utf8_bin DEFAULT NULL,
  `PARENT_ID_` varchar(64) COLLATE utf8_bin DEFAULT NULL,
  `PROC_DEF_ID_` varchar(64) COLLATE utf8_bin DEFAULT NULL,
  `SUPER_EXEC_` varchar(64) COLLATE utf8_bin DEFAULT NULL,
  `ACT_ID_` varchar(255) COLLATE utf8_bin DEFAULT NULL,
  `IS_ACTIVE_` tinyint(4) DEFAULT NULL,
  `IS_CONCURRENT_` tinyint(4) DEFAULT NULL,
  `IS_SCOPE_` tinyint(4) DEFAULT NULL,
  `IS_EVENT_SCOPE_` tinyint(4) DEFAULT NULL,
  `SUSPENSION_STATE_` int(11) DEFAULT NULL,
  `CACHED_ENT_STATE_` int(11) DEFAULT NULL,
  `TENANT_ID_` varchar(255) COLLATE utf8_bin DEFAULT '',
  `NAME_` varchar(255) COLLATE utf8_bin DEFAULT NULL,
  `LOCK_TIME_` timestamp NULL DEFAULT NULL,
  PRIMARY KEY (`ID_`),
  KEY `ACT_IDX_EXEC_BUSKEY` (`BUSINESS_KEY_`),
  KEY `ACT_FK_EXE_PROCINST` (`PROC_INST_ID_`),
  KEY `ACT_FK_EXE_PARENT` (`PARENT_ID_`),
  KEY `ACT_FK_EXE_SUPER` (`SUPER_EXEC_`),
  KEY `ACT_FK_EXE_PROCDEF` (`PROC_DEF_ID_`),
  CONSTRAINT `act_ru_execution_ibfk_1` FOREIGN KEY (`PARENT_ID_`) REFERENCES `act_ru_execution` (`ID_`),
  CONSTRAINT `act_ru_execution_ibfk_2` FOREIGN KEY (`PROC_DEF_ID_`) REFERENCES `act_re_procdef` (`ID_`),
  CONSTRAINT `act_ru_execution_ibfk_3` FOREIGN KEY (`PROC_INST_ID_`) REFERENCES `act_ru_execution` (`ID_`) ON DELETE CASCADE ON UPDATE CASCADE,
  CONSTRAINT `act_ru_execution_ibfk_4` FOREIGN KEY (`SUPER_EXEC_`) REFERENCES `act_ru_execution` (`ID_`)
) ENGINE=InnoDB DEFAULT CHARSET=utf8 COLLATE=utf8_bin;

-- ----------------------------
-- Records of act_ru_execution
-- ----------------------------
INSERT INTO `act_ru_execution` VALUES ('10001', '1', '10001', '368c8a4263cd424ca131095603a9e635', null, 'email:1:7', null, 'sid-6B393D89-064F-45C3-9E78-130659B6BCF5', '1', '0', '1', '0', '1', '2', '', null, null);
INSERT INTO `act_ru_execution` VALUES ('12501', '1', '12501', 'c427c5ab0585404f9132dabc5876be45', null, 'email:1:7', null, 'sid-6B393D89-064F-45C3-9E78-130659B6BCF5', '1', '0', '1', '0', '1', '2', '', null, null);
INSERT INTO `act_ru_execution` VALUES ('15001', '1', '15001', '50f75db397614398a7b7b30918c2f85b', null, 'email:1:7', null, 'sid-6B393D89-064F-45C3-9E78-130659B6BCF5', '1', '0', '1', '0', '1', '2', '', null, null);
INSERT INTO `act_ru_execution` VALUES ('15009', '1', '15009', '6711ae827dbd421fa3541c70a6139cbd', null, 'email:1:7', null, 'sid-6B393D89-064F-45C3-9E78-130659B6BCF5', '1', '0', '1', '0', '1', '2', '', null, null);
INSERT INTO `act_ru_execution` VALUES ('17503', '1', '17503', 'e0b089311b524eb8b832737abb630cf3', null, 'email:1:7', null, 'sid-6B393D89-064F-45C3-9E78-130659B6BCF5', '1', '0', '1', '0', '1', '2', '', null, null);
INSERT INTO `act_ru_execution` VALUES ('20001', '1', '20001', 'ac8e8394a7cb40149407e0d1f20331be', null, 'email:1:7', null, 'sid-6B393D89-064F-45C3-9E78-130659B6BCF5', '1', '0', '1', '0', '1', '2', '', null, null);

-- ----------------------------
-- Table structure for act_ru_identitylink
-- ----------------------------
DROP TABLE IF EXISTS `act_ru_identitylink`;
CREATE TABLE `act_ru_identitylink` (
  `ID_` varchar(64) COLLATE utf8_bin NOT NULL,
  `REV_` int(11) DEFAULT NULL,
  `GROUP_ID_` varchar(255) COLLATE utf8_bin DEFAULT NULL,
  `TYPE_` varchar(255) COLLATE utf8_bin DEFAULT NULL,
  `USER_ID_` varchar(255) COLLATE utf8_bin DEFAULT NULL,
  `TASK_ID_` varchar(64) COLLATE utf8_bin DEFAULT NULL,
  `PROC_INST_ID_` varchar(64) COLLATE utf8_bin DEFAULT NULL,
  `PROC_DEF_ID_` varchar(64) COLLATE utf8_bin DEFAULT NULL,
  PRIMARY KEY (`ID_`),
  KEY `ACT_IDX_IDENT_LNK_USER` (`USER_ID_`),
  KEY `ACT_IDX_IDENT_LNK_GROUP` (`GROUP_ID_`),
  KEY `ACT_IDX_ATHRZ_PROCEDEF` (`PROC_DEF_ID_`),
  KEY `ACT_FK_TSKASS_TASK` (`TASK_ID_`),
  KEY `ACT_FK_IDL_PROCINST` (`PROC_INST_ID_`),
  CONSTRAINT `act_ru_identitylink_ibfk_1` FOREIGN KEY (`PROC_DEF_ID_`) REFERENCES `act_re_procdef` (`ID_`),
  CONSTRAINT `act_ru_identitylink_ibfk_2` FOREIGN KEY (`PROC_INST_ID_`) REFERENCES `act_ru_execution` (`ID_`),
  CONSTRAINT `act_ru_identitylink_ibfk_3` FOREIGN KEY (`TASK_ID_`) REFERENCES `act_ru_task` (`ID_`)
) ENGINE=InnoDB DEFAULT CHARSET=utf8 COLLATE=utf8_bin;

-- ----------------------------
-- Records of act_ru_identitylink
-- ----------------------------
INSERT INTO `act_ru_identitylink` VALUES ('10007', '1', 'leader', 'candidate', null, '10006', null, null);
INSERT INTO `act_ru_identitylink` VALUES ('10008', '1', null, 'participant', '1', null, '10001', null);
INSERT INTO `act_ru_identitylink` VALUES ('12507', '1', 'leader', 'candidate', null, '12506', null, null);
INSERT INTO `act_ru_identitylink` VALUES ('12508', '1', null, 'participant', '1', null, '12501', null);
INSERT INTO `act_ru_identitylink` VALUES ('15002', '1', null, 'starter', 'test', null, '15001', null);
INSERT INTO `act_ru_identitylink` VALUES ('15008', '1', 'leader', 'candidate', null, '15007', null, null);
INSERT INTO `act_ru_identitylink` VALUES ('15010', '1', null, 'starter', 'test', null, '15009', null);
INSERT INTO `act_ru_identitylink` VALUES ('15016', '1', 'leader', 'candidate', null, '15015', null, null);
INSERT INTO `act_ru_identitylink` VALUES ('17501', '1', null, 'participant', '2', null, '15001', null);
INSERT INTO `act_ru_identitylink` VALUES ('17502', '1', null, 'participant', '2', null, '15009', null);
INSERT INTO `act_ru_identitylink` VALUES ('17504', '1', null, 'starter', 'test', null, '17503', null);
INSERT INTO `act_ru_identitylink` VALUES ('17510', '1', 'leader', 'candidate', null, '17509', null, null);
INSERT INTO `act_ru_identitylink` VALUES ('17511', '1', null, 'participant', '116', null, '17503', null);
INSERT INTO `act_ru_identitylink` VALUES ('20002', '1', null, 'starter', '2', null, '20001', null);
INSERT INTO `act_ru_identitylink` VALUES ('20008', '1', 'leader', 'candidate', null, '20007', null, null);
INSERT INTO `act_ru_identitylink` VALUES ('20009', '1', null, 'participant', '116', null, '20001', null);

-- ----------------------------
-- Table structure for act_ru_job
-- ----------------------------
DROP TABLE IF EXISTS `act_ru_job`;
CREATE TABLE `act_ru_job` (
  `ID_` varchar(64) COLLATE utf8_bin NOT NULL,
  `REV_` int(11) DEFAULT NULL,
  `TYPE_` varchar(255) COLLATE utf8_bin NOT NULL,
  `LOCK_EXP_TIME_` timestamp NULL DEFAULT NULL,
  `LOCK_OWNER_` varchar(255) COLLATE utf8_bin DEFAULT NULL,
  `EXCLUSIVE_` tinyint(1) DEFAULT NULL,
  `EXECUTION_ID_` varchar(64) COLLATE utf8_bin DEFAULT NULL,
  `PROCESS_INSTANCE_ID_` varchar(64) COLLATE utf8_bin DEFAULT NULL,
  `PROC_DEF_ID_` varchar(64) COLLATE utf8_bin DEFAULT NULL,
  `RETRIES_` int(11) DEFAULT NULL,
  `EXCEPTION_STACK_ID_` varchar(64) COLLATE utf8_bin DEFAULT NULL,
  `EXCEPTION_MSG_` varchar(4000) COLLATE utf8_bin DEFAULT NULL,
  `DUEDATE_` timestamp NULL DEFAULT NULL,
  `REPEAT_` varchar(255) COLLATE utf8_bin DEFAULT NULL,
  `HANDLER_TYPE_` varchar(255) COLLATE utf8_bin DEFAULT NULL,
  `HANDLER_CFG_` varchar(4000) COLLATE utf8_bin DEFAULT NULL,
  `TENANT_ID_` varchar(255) COLLATE utf8_bin DEFAULT '',
  PRIMARY KEY (`ID_`),
  KEY `ACT_FK_JOB_EXCEPTION` (`EXCEPTION_STACK_ID_`),
  CONSTRAINT `act_ru_job_ibfk_1` FOREIGN KEY (`EXCEPTION_STACK_ID_`) REFERENCES `act_ge_bytearray` (`ID_`)
) ENGINE=InnoDB DEFAULT CHARSET=utf8 COLLATE=utf8_bin;

-- ----------------------------
-- Records of act_ru_job
-- ----------------------------

-- ----------------------------
-- Table structure for act_ru_task
-- ----------------------------
DROP TABLE IF EXISTS `act_ru_task`;
CREATE TABLE `act_ru_task` (
  `ID_` varchar(64) COLLATE utf8_bin NOT NULL,
  `REV_` int(11) DEFAULT NULL,
  `EXECUTION_ID_` varchar(64) COLLATE utf8_bin DEFAULT NULL,
  `PROC_INST_ID_` varchar(64) COLLATE utf8_bin DEFAULT NULL,
  `PROC_DEF_ID_` varchar(64) COLLATE utf8_bin DEFAULT NULL,
  `NAME_` varchar(255) COLLATE utf8_bin DEFAULT NULL,
  `PARENT_TASK_ID_` varchar(64) COLLATE utf8_bin DEFAULT NULL,
  `DESCRIPTION_` varchar(4000) COLLATE utf8_bin DEFAULT NULL,
  `TASK_DEF_KEY_` varchar(255) COLLATE utf8_bin DEFAULT NULL,
  `OWNER_` varchar(255) COLLATE utf8_bin DEFAULT NULL,
  `ASSIGNEE_` varchar(255) COLLATE utf8_bin DEFAULT NULL,
  `DELEGATION_` varchar(64) COLLATE utf8_bin DEFAULT NULL,
  `PRIORITY_` int(11) DEFAULT NULL,
  `CREATE_TIME_` timestamp NULL DEFAULT NULL,
  `DUE_DATE_` datetime DEFAULT NULL,
  `CATEGORY_` varchar(255) COLLATE utf8_bin DEFAULT NULL,
  `SUSPENSION_STATE_` int(11) DEFAULT NULL,
  `TENANT_ID_` varchar(255) COLLATE utf8_bin DEFAULT '',
  `FORM_KEY_` varchar(255) COLLATE utf8_bin DEFAULT NULL,
  PRIMARY KEY (`ID_`),
  KEY `ACT_IDX_TASK_CREATE` (`CREATE_TIME_`),
  KEY `ACT_FK_TASK_EXE` (`EXECUTION_ID_`),
  KEY `ACT_FK_TASK_PROCINST` (`PROC_INST_ID_`),
  KEY `ACT_FK_TASK_PROCDEF` (`PROC_DEF_ID_`),
  CONSTRAINT `act_ru_task_ibfk_1` FOREIGN KEY (`EXECUTION_ID_`) REFERENCES `act_ru_execution` (`ID_`),
  CONSTRAINT `act_ru_task_ibfk_2` FOREIGN KEY (`PROC_DEF_ID_`) REFERENCES `act_re_procdef` (`ID_`),
  CONSTRAINT `act_ru_task_ibfk_3` FOREIGN KEY (`PROC_INST_ID_`) REFERENCES `act_ru_execution` (`ID_`)
) ENGINE=InnoDB DEFAULT CHARSET=utf8 COLLATE=utf8_bin;

-- ----------------------------
-- Records of act_ru_task
-- ----------------------------
INSERT INTO `act_ru_task` VALUES ('10006', '2', '10001', '10001', 'email:1:7', null, null, null, 'sid-6B393D89-064F-45C3-9E78-130659B6BCF5', null, '1', null, '50', '2018-11-09 15:52:19', null, null, '1', '', null);
INSERT INTO `act_ru_task` VALUES ('12506', '2', '12501', '12501', 'email:1:7', null, null, null, 'sid-6B393D89-064F-45C3-9E78-130659B6BCF5', null, '1', null, '50', '2018-11-09 16:47:21', null, null, '1', '', null);
INSERT INTO `act_ru_task` VALUES ('15007', '2', '15001', '15001', 'email:1:7', null, null, null, 'sid-6B393D89-064F-45C3-9E78-130659B6BCF5', null, '2', null, '50', '2018-11-12 22:14:06', null, null, '1', '', null);
INSERT INTO `act_ru_task` VALUES ('15015', '2', '15009', '15009', 'email:1:7', null, null, null, 'sid-6B393D89-064F-45C3-9E78-130659B6BCF5', null, '2', null, '50', '2018-11-12 22:18:44', null, null, '1', '', null);
INSERT INTO `act_ru_task` VALUES ('17509', '2', '17503', '17503', 'email:1:7', null, null, null, 'sid-6B393D89-064F-45C3-9E78-130659B6BCF5', null, '116', null, '50', '2018-11-12 23:13:20', null, null, '1', '', null);
INSERT INTO `act_ru_task` VALUES ('20007', '2', '20001', '20001', 'email:1:7', null, null, null, 'sid-6B393D89-064F-45C3-9E78-130659B6BCF5', null, '116', null, '50', '2018-11-12 23:26:22', null, null, '1', '', null);

-- ----------------------------
-- Table structure for act_ru_variable
-- ----------------------------
DROP TABLE IF EXISTS `act_ru_variable`;
CREATE TABLE `act_ru_variable` (
  `ID_` varchar(64) COLLATE utf8_bin NOT NULL,
  `REV_` int(11) DEFAULT NULL,
  `TYPE_` varchar(255) COLLATE utf8_bin NOT NULL,
  `NAME_` varchar(255) COLLATE utf8_bin NOT NULL,
  `EXECUTION_ID_` varchar(64) COLLATE utf8_bin DEFAULT NULL,
  `PROC_INST_ID_` varchar(64) COLLATE utf8_bin DEFAULT NULL,
  `TASK_ID_` varchar(64) COLLATE utf8_bin DEFAULT NULL,
  `BYTEARRAY_ID_` varchar(64) COLLATE utf8_bin DEFAULT NULL,
  `DOUBLE_` double DEFAULT NULL,
  `LONG_` bigint(20) DEFAULT NULL,
  `TEXT_` varchar(4000) COLLATE utf8_bin DEFAULT NULL,
  `TEXT2_` varchar(4000) COLLATE utf8_bin DEFAULT NULL,
  PRIMARY KEY (`ID_`),
  KEY `ACT_IDX_VARIABLE_TASK_ID` (`TASK_ID_`),
  KEY `ACT_FK_VAR_EXE` (`EXECUTION_ID_`),
  KEY `ACT_FK_VAR_PROCINST` (`PROC_INST_ID_`),
  KEY `ACT_FK_VAR_BYTEARRAY` (`BYTEARRAY_ID_`),
  CONSTRAINT `act_ru_variable_ibfk_1` FOREIGN KEY (`BYTEARRAY_ID_`) REFERENCES `act_ge_bytearray` (`ID_`),
  CONSTRAINT `act_ru_variable_ibfk_2` FOREIGN KEY (`EXECUTION_ID_`) REFERENCES `act_ru_execution` (`ID_`),
  CONSTRAINT `act_ru_variable_ibfk_3` FOREIGN KEY (`PROC_INST_ID_`) REFERENCES `act_ru_execution` (`ID_`)
) ENGINE=InnoDB DEFAULT CHARSET=utf8 COLLATE=utf8_bin;

-- ----------------------------
-- Records of act_ru_variable
-- ----------------------------
INSERT INTO `act_ru_variable` VALUES ('10003', '1', 'string', 'busId', '10001', '10001', null, null, null, null, '368c8a4263cd424ca131095603a9e635', null);
INSERT INTO `act_ru_variable` VALUES ('10004', '1', 'string', 'type', '10001', '10001', null, null, null, null, 'email', null);
INSERT INTO `act_ru_variable` VALUES ('12503', '1', 'string', 'busId', '12501', '12501', null, null, null, null, 'c427c5ab0585404f9132dabc5876be45', null);
INSERT INTO `act_ru_variable` VALUES ('12504', '1', 'string', 'type', '12501', '12501', null, null, null, null, 'email', null);
INSERT INTO `act_ru_variable` VALUES ('15004', '1', 'string', 'busId', '15001', '15001', null, null, null, null, '50f75db397614398a7b7b30918c2f85b', null);
INSERT INTO `act_ru_variable` VALUES ('15005', '1', 'string', 'type', '15001', '15001', null, null, null, null, 'email', null);
INSERT INTO `act_ru_variable` VALUES ('15012', '1', 'string', 'busId', '15009', '15009', null, null, null, null, '6711ae827dbd421fa3541c70a6139cbd', null);
INSERT INTO `act_ru_variable` VALUES ('15013', '1', 'string', 'type', '15009', '15009', null, null, null, null, 'email', null);
INSERT INTO `act_ru_variable` VALUES ('17506', '1', 'string', 'busId', '17503', '17503', null, null, null, null, 'e0b089311b524eb8b832737abb630cf3', null);
INSERT INTO `act_ru_variable` VALUES ('17507', '1', 'string', 'type', '17503', '17503', null, null, null, null, 'email', null);
INSERT INTO `act_ru_variable` VALUES ('20004', '1', 'string', 'busId', '20001', '20001', null, null, null, null, 'ac8e8394a7cb40149407e0d1f20331be', null);
INSERT INTO `act_ru_variable` VALUES ('20005', '1', 'string', 'type', '20001', '20001', null, null, null, null, 'email', null);

-- ----------------------------
-- Table structure for email
-- ----------------------------
DROP TABLE IF EXISTS `email`;
CREATE TABLE `email` (
  `id` varchar(255) DEFAULT '',
  `user_id` varchar(11) DEFAULT '',
  `name` varchar(255) DEFAULT '',
  `content` varchar(255) DEFAULT '',
  `process_instance_id` varchar(255) DEFAULT '',
  `date` datetime DEFAULT current_timestamp(),
  `email_id` int(11) DEFAULT NULL,
  `create_date` datetime DEFAULT current_timestamp()
) ENGINE=InnoDB DEFAULT CHARSET=utf8;

-- ----------------------------
-- Records of email
-- ----------------------------
INSERT INTO `email` VALUES ('3cf8f883acbf4485867c853c75af0f36', '1', '1', '1', '5017', '2018-11-08 09:18:51', '65', '2018-11-08 16:08:53');
INSERT INTO `email` VALUES ('368c8a4263cd424ca131095603a9e635', '1', '', '', '10001', '2018-11-09 15:53:53', '65', '2018-11-09 15:53:53');
INSERT INTO `email` VALUES ('c427c5ab0585404f9132dabc5876be45', '1', '', '', '12501', '2018-11-09 16:48:54', '65', '2018-11-09 16:48:54');
INSERT INTO `email` VALUES ('50f75db397614398a7b7b30918c2f85b', '1', 'test', '测试内容', '15001', '2018-11-12 22:14:05', '1', '2018-11-12 22:14:05');
INSERT INTO `email` VALUES ('6711ae827dbd421fa3541c70a6139cbd', '23', 'test', '测试内容', '15009', '2018-11-12 22:18:44', '2', '2018-11-12 22:18:44');
INSERT INTO `email` VALUES ('e0b089311b524eb8b832737abb630cf3', '23', 'test', '测试内容', '17503', '2018-11-12 23:13:20', '2', '2018-11-12 23:13:20');
INSERT INTO `email` VALUES ('ac8e8394a7cb40149407e0d1f20331be', '2', '2', '2', '20001', '2018-11-12 23:26:22', null, '2018-11-12 23:26:22');

-- ----------------------------
-- Table structure for sys_role
-- ----------------------------
DROP TABLE IF EXISTS `sys_role`;
CREATE TABLE `sys_role` (
  `id` int(11) NOT NULL AUTO_INCREMENT COMMENT '`id`',
  `num` int(11) DEFAULT NULL COMMENT '排序',
  `name` varchar(255) DEFAULT NULL COMMENT '名称',
  `remark` varchar(255) DEFAULT NULL COMMENT '备注',
  `create_date` varchar(255) DEFAULT current_timestamp() COMMENT '创建时间',
  `type` varchar(32) DEFAULT NULL,
  PRIMARY KEY (`id`)
) ENGINE=InnoDB AUTO_INCREMENT=23 DEFAULT CHARSET=utf8 COMMENT='角色表';

-- ----------------------------
-- Records of sys_role
-- ----------------------------
INSERT INTO `sys_role` VALUES ('1', null, '超级管理员', '', '', '0');
INSERT INTO `sys_role` VALUES ('2', null, '系统管理员', '', '2018-09-25 15:42:30', 'R0');
INSERT INTO `sys_role` VALUES ('3', null, '安全管理员', '', '2018-09-25 15:43:17', 'R0');
INSERT INTO `sys_role` VALUES ('4', null, '安全审计员', '', '2018-09-25 15:46:11', 'R0');
INSERT INTO `sys_role` VALUES ('5', null, '普通用户', '', '2018-10-08 10:40:33', 'R1');
INSERT INTO `sys_role` VALUES ('6', null, '部门审批员', null, '2018-09-18 11:17:50', 'R2');
INSERT INTO `sys_role` VALUES ('7', null, '部门领导', null, '2018-11-01 15:55:26', 'R2');

-- ----------------------------
-- Table structure for sys_user
-- ----------------------------
DROP TABLE IF EXISTS `sys_user`;
CREATE TABLE `sys_user` (
  `id` int(11) NOT NULL AUTO_INCREMENT COMMENT 'id',
  `code` varchar(45) DEFAULT '' COMMENT '用户编号',
  `password` varchar(45) DEFAULT NULL COMMENT '密码',
  `dept_id` int(11) DEFAULT NULL COMMENT '部门id',
  `salt` varchar(45) DEFAULT NULL COMMENT '盐',
  `name` varchar(45) DEFAULT NULL COMMENT '名字',
  `birthday` datetime DEFAULT current_timestamp() ON UPDATE current_timestamp() COMMENT '生日',
  `sex` int(11) DEFAULT 0 COMMENT '性别',
  `email` varchar(45) DEFAULT NULL COMMENT '邮箱',
  `phone` varchar(45) DEFAULT NULL COMMENT '电话',
  `create_date` datetime DEFAULT current_timestamp() ON UPDATE current_timestamp() COMMENT '创建时间',
  `address` varchar(255) DEFAULT NULL COMMENT '地址',
  `usersecret_id` int(3) unsigned zerofill DEFAULT 000 COMMENT '涉密级别id',
  `domain` varchar(64) DEFAULT NULL COMMENT '域名0',
  `remark` varchar(255) DEFAULT NULL COMMENT '备注',
  `pinyin` varchar(64) DEFAULT NULL COMMENT '拼音',
  `photo_url` varchar(255) DEFAULT NULL COMMENT '头像路径',
  `sort` char(10) DEFAULT NULL COMMENT '排序',
  `del_flag` tinyint(1) DEFAULT 0,
  PRIMARY KEY (`id`),
  KEY `sys_user_id` (`id`) USING BTREE
) ENGINE=InnoDB AUTO_INCREMENT=117 DEFAULT CHARSET=utf8 COMMENT='用户表';

-- ----------------------------
-- Records of sys_user
-- ----------------------------
INSERT INTO `sys_user` VALUES ('1', 'admin', '123456', '1', null, '超级管理员', '2018-11-05 09:48:36', '0', 'admin@192.com', '1', '2018-11-05 09:48:36', '1', '001', null, '123', null, null, null, '0');
INSERT INTO `sys_user` VALUES ('2', 'sysdmin', '123456', '1', null, '系统管理员', '2018-11-05 09:48:36', '0', 'sysdmin@192.com', 'hgfhfghf', '2018-11-05 09:48:36', '测试地址', '004', null, '测试备注', 'xitongguanliyuan', null, null, '0');
INSERT INTO `sys_user` VALUES ('3', 'securitysir', '123456', '1', null, '安全管理员', '2018-11-05 09:48:36', '1', 'securitysir@192.com', '12345555', '2018-11-05 09:48:36', 'fgdfgdf', '004', null, 'gdfgdfgdfgdf', 'anquanguanliyuan', null, null, '0');
INSERT INTO `sys_user` VALUES ('4', 'auditor', '123456', '1', null, '安全审计员', '2018-11-05 09:48:36', null, 'auditor@192.com', null, '2018-11-05 09:48:36', null, '004', null, null, 'anquanshenjiyuan', null, null, '0');
INSERT INTO `sys_user` VALUES ('5', 'test2', '123456', '54', null, 'test3', '2018-11-05 09:48:36', null, 'test2@192.com', null, '2018-11-05 09:48:36', null, '002', null, null, 'test3', null, null, '0');
INSERT INTO `sys_user` VALUES ('6', 'shujh', '456123', '11', null, '舒江华', '2018-11-05 09:48:36', '0', 'shujh@192.com', '456233444', '2018-11-05 09:48:36', 'cfgghjhjjjk', '002', null, null, null, null, null, '0');
INSERT INTO `sys_user` VALUES ('7', 'dengy', '11111aaaaa!', '55', null, '邓悦', '2018-11-05 09:48:36', '1', 'dengy@192.com', null, '2018-11-05 09:48:36', null, '001', null, null, 'dengyue', null, null, '0');
INSERT INTO `sys_user` VALUES ('8', 'chenye', '123456', '24', null, '陈烨', '2018-11-05 09:48:36', null, 'chenye@192.com', null, '2018-11-05 09:48:36', null, '003', null, null, 'chenye', null, null, '0');
INSERT INTO `sys_user` VALUES ('9', 'wuxb', '123456', '24', null, '吴兴斌2', '2018-11-05 09:48:36', null, 'wuxb@192.com', null, '2018-11-05 09:48:36', null, '003', null, null, 'wuxingbin2', null, null, '0');
INSERT INTO `sys_user` VALUES ('10', 'zhongtq', '123456', '54', null, '钟天琪', '2018-11-05 09:48:37', null, 'zhongtq@192.com', null, '2018-11-05 09:48:37', null, '001', null, null, 'zhongtianqi', null, null, '0');
INSERT INTO `sys_user` VALUES ('11', 'zhangdan', '123654', '3', null, '张丹', '2018-11-05 09:48:37', null, 'zhangdan@192.com', null, '2018-11-05 09:48:37', null, '001', null, null, 'zhangdan', null, null, '1');
INSERT INTO `sys_user` VALUES ('12', 'pengwen', '123456', '24', null, '彭文', '2018-11-05 09:48:37', null, 'pengwen@192.com', null, '2018-11-05 09:48:37', null, '001', null, null, 'pengwen', null, null, '0');
INSERT INTO `sys_user` VALUES ('13', 'licq', '123456', '55', null, '李春清', '2018-11-05 09:48:37', '1', 'licq@192.com', '', '2018-11-05 09:48:37', '', '001', null, '', 'lichunqing', null, null, '0');
INSERT INTO `sys_user` VALUES ('27', 'test1', '11111aaaaa@', '3', null, '测试1', '2018-11-05 09:48:37', '0', 'test1@192.com', '', '2018-11-05 09:48:37', '', null, null, '', null, null, null, '1');
INSERT INTO `sys_user` VALUES ('110', 'zhangsan', '123456', '3', null, '张三', '2018-11-05 09:48:37', '1', 'zhangsan@192.com', '', '2018-11-05 09:48:37', '', '001', null, null, 'zhangsan', null, null, '1');
INSERT INTO `sys_user` VALUES ('111', 'pw', '123456', '24', null, 'pw', '2018-11-05 09:48:37', '0', 'pw@192.com', '', '2018-11-05 09:48:37', '', '002', null, '', 'pw', null, null, '0');
INSERT INTO `sys_user` VALUES ('112', 'fsdf', 'fsdfsf', '11', null, 'fsdfsdf', '2018-11-06 09:57:09', '0', 'fsdf@192.com', '', '2018-11-06 09:57:09', '', '002', null, '', 'fsdfsdf', null, null, '0');
INSERT INTO `sys_user` VALUES ('113', 'reter', 'tetret', '3', null, '上时', '2018-11-05 09:48:37', '0', 'reter@192.com', '', '2018-11-05 09:48:37', '', null, null, '', 'shangshi', null, null, '1');
INSERT INTO `sys_user` VALUES ('114', 'fffffffffff', 'fffff', '3', null, 'ddddddddddd', '2018-11-05 09:48:37', '0', 'fffffffffff@192.com', '', '2018-11-05 09:48:37', '', null, null, '', 'ddddddddddd', null, null, '1');
INSERT INTO `sys_user` VALUES ('116', 'assddsds', 'asasdasd', '3', null, 'asas', '2018-11-12 23:11:34', '0', 'assddsds@192.com', '', '2018-11-12 23:11:34', '', null, null, '', 'asas', null, null, '1');

-- ----------------------------
-- Table structure for sys_user_role
-- ----------------------------
DROP TABLE IF EXISTS `sys_user_role`;
CREATE TABLE `sys_user_role` (
  `id` int(11) NOT NULL AUTO_INCREMENT COMMENT 'id',
  `user_id` int(11) DEFAULT NULL COMMENT '用户id',
  `role_id` int(11) DEFAULT NULL COMMENT '角色id',
  `dept_id` int(11) DEFAULT NULL,
  `create_date` datetime DEFAULT current_timestamp() COMMENT '创建时间',
  `main` bit(1) DEFAULT b'1' COMMENT '是否主部门',
  PRIMARY KEY (`id`)
) ENGINE=InnoDB AUTO_INCREMENT=203 DEFAULT CHARSET=utf8 COMMENT='用户角色关系';

-- ----------------------------
-- Records of sys_user_role
-- ----------------------------
INSERT INTO `sys_user_role` VALUES ('1', '116', '3', null, '2018-11-12 23:12:06', '');
INSERT INTO `sys_user_role` VALUES ('4', '2', '7', '1', '2018-09-09 22:45:05', '');
INSERT INTO `sys_user_role` VALUES ('12', '2', '2', '1', '2018-09-27 10:25:39', '');
INSERT INTO `sys_user_role` VALUES ('16', '3', '3', '1', '2018-10-08 17:26:02', '');
INSERT INTO `sys_user_role` VALUES ('18', '4', '4', '1', '2018-10-08 17:26:31', '');
INSERT INTO `sys_user_role` VALUES ('21', '5', '6', '3', '2018-10-09 18:09:38', '');
INSERT INTO `sys_user_role` VALUES ('68', '5', '6', '11', '2018-10-10 13:43:32', '\0');
INSERT INTO `sys_user_role` VALUES ('69', '6', '6', '3', '2018-10-10 14:00:21', '\0');
INSERT INTO `sys_user_role` VALUES ('71', '6', '6', '9', '2018-10-10 14:30:09', '\0');
INSERT INTO `sys_user_role` VALUES ('150', '5', '5', '3', '2018-10-18 11:57:19', '');
INSERT INTO `sys_user_role` VALUES ('151', '6', '5', '11', '2018-10-18 11:57:19', '');
INSERT INTO `sys_user_role` VALUES ('152', '7', '5', '3', '2018-10-18 11:57:19', '');
INSERT INTO `sys_user_role` VALUES ('153', '8', '5', '10', '2018-10-18 11:57:19', '');
INSERT INTO `sys_user_role` VALUES ('154', '9', '5', '25', '2018-10-18 11:57:19', '');
INSERT INTO `sys_user_role` VALUES ('155', '10', '5', '3', '2018-10-18 11:57:19', '');
INSERT INTO `sys_user_role` VALUES ('156', '11', '5', '3', '2018-10-18 11:57:19', '');
INSERT INTO `sys_user_role` VALUES ('157', '12', '5', '1', '2018-10-18 11:57:19', '');
INSERT INTO `sys_user_role` VALUES ('158', '13', '5', '24', '2018-10-18 11:57:19', '');
INSERT INTO `sys_user_role` VALUES ('159', '27', '5', '3', '2018-10-18 11:57:19', '');
INSERT INTO `sys_user_role` VALUES ('160', '90', '5', '3', '2018-10-18 11:57:19', '');
INSERT INTO `sys_user_role` VALUES ('161', '92', '5', null, '2018-10-23 09:22:57', '');
INSERT INTO `sys_user_role` VALUES ('162', '93', '5', null, '2018-10-23 09:33:38', '');
INSERT INTO `sys_user_role` VALUES ('163', '94', '5', null, '2018-10-23 09:33:38', '');
INSERT INTO `sys_user_role` VALUES ('165', '95', '5', null, '2018-10-23 09:36:07', '');
INSERT INTO `sys_user_role` VALUES ('166', '96', '5', null, '2018-10-23 09:40:55', '');
INSERT INTO `sys_user_role` VALUES ('167', '97', '5', null, '2018-10-23 09:40:55', '');
INSERT INTO `sys_user_role` VALUES ('168', '98', '5', null, '2018-10-23 09:40:55', '');
INSERT INTO `sys_user_role` VALUES ('169', '99', '5', null, '2018-10-23 10:38:36', '');
INSERT INTO `sys_user_role` VALUES ('170', '100', '5', null, '2018-10-23 10:55:20', '');
INSERT INTO `sys_user_role` VALUES ('171', '101', '5', null, '2018-10-23 11:34:40', '');
INSERT INTO `sys_user_role` VALUES ('172', '102', '5', null, '2018-10-23 11:40:04', '');
INSERT INTO `sys_user_role` VALUES ('173', '103', '5', null, '2018-10-23 11:43:17', '');
INSERT INTO `sys_user_role` VALUES ('174', '104', '5', null, '2018-10-23 11:44:12', '');
INSERT INTO `sys_user_role` VALUES ('175', '105', '5', null, '2018-10-23 11:48:02', '');
INSERT INTO `sys_user_role` VALUES ('176', '106', '5', null, '2018-10-23 11:52:10', '');
INSERT INTO `sys_user_role` VALUES ('177', '107', '5', null, '2018-10-23 12:06:33', '');
INSERT INTO `sys_user_role` VALUES ('178', '108', '5', null, '2018-10-23 12:06:33', '');
INSERT INTO `sys_user_role` VALUES ('180', '109', '5', null, '2018-10-23 12:25:06', '');
INSERT INTO `sys_user_role` VALUES ('181', '110', '5', null, '2018-10-23 13:39:40', '');
INSERT INTO `sys_user_role` VALUES ('182', '111', '5', '3', '2018-10-24 10:10:22', '');
INSERT INTO `sys_user_role` VALUES ('183', '112', '5', '11', '2018-10-25 08:41:22', '');
INSERT INTO `sys_user_role` VALUES ('184', '113', '5', '3', '2018-10-25 08:41:40', '');
INSERT INTO `sys_user_role` VALUES ('194', '114', '5', '3', '2018-10-31 09:40:06', '');
INSERT INTO `sys_user_role` VALUES ('195', '115', '5', '3', '2018-10-31 10:01:43', '');
INSERT INTO `sys_user_role` VALUES ('201', '7', '7', '55', '2018-11-06 09:45:42', '');
