/*
Navicat MySQL Data Transfer

Source Server         : localhost_3306
Source Server Version : 50505
Source Host           : localhost:3306
Source Database       : activiti

Target Server Type    : MYSQL
Target Server Version : 50505
File Encoding         : 65001

Date: 2018-11-06 00:10:56
*/

SET FOREIGN_KEY_CHECKS=0;

-- ----------------------------
-- Table structure for act_evt_log
-- ----------------------------
DROP TABLE IF EXISTS `act_evt_log`;
CREATE TABLE `act_evt_log` (
  `LOG_NR_` bigint(20) NOT NULL AUTO_INCREMENT,
  `TYPE_` varchar(64) COLLATE utf8_bin DEFAULT NULL,
  `PROC_DEF_ID_` varchar(64) COLLATE utf8_bin DEFAULT NULL,
  `PROC_INST_ID_` varchar(64) COLLATE utf8_bin DEFAULT NULL,
  `EXECUTION_ID_` varchar(64) COLLATE utf8_bin DEFAULT NULL,
  `TASK_ID_` varchar(64) COLLATE utf8_bin DEFAULT NULL,
  `TIME_STAMP_` timestamp NOT NULL DEFAULT current_timestamp() ON UPDATE current_timestamp(),
  `USER_ID_` varchar(255) COLLATE utf8_bin DEFAULT NULL,
  `DATA_` longblob DEFAULT NULL,
  `LOCK_OWNER_` varchar(255) COLLATE utf8_bin DEFAULT NULL,
  `LOCK_TIME_` timestamp NULL DEFAULT NULL,
  `IS_PROCESSED_` tinyint(4) DEFAULT 0,
  PRIMARY KEY (`LOG_NR_`)
) ENGINE=InnoDB DEFAULT CHARSET=utf8 COLLATE=utf8_bin;

-- ----------------------------
-- Records of act_evt_log
-- ----------------------------

-- ----------------------------
-- Table structure for act_ge_bytearray
-- ----------------------------
DROP TABLE IF EXISTS `act_ge_bytearray`;
CREATE TABLE `act_ge_bytearray` (
  `ID_` varchar(64) COLLATE utf8_bin NOT NULL,
  `REV_` int(11) DEFAULT NULL,
  `NAME_` varchar(255) COLLATE utf8_bin DEFAULT NULL,
  `DEPLOYMENT_ID_` varchar(64) COLLATE utf8_bin DEFAULT NULL,
  `BYTES_` longblob DEFAULT NULL,
  `GENERATED_` tinyint(4) DEFAULT NULL,
  PRIMARY KEY (`ID_`),
  KEY `ACT_FK_BYTEARR_DEPL` (`DEPLOYMENT_ID_`),
  CONSTRAINT `ACT_FK_BYTEARR_DEPL` FOREIGN KEY (`DEPLOYMENT_ID_`) REFERENCES `act_re_deployment` (`ID_`)
) ENGINE=InnoDB DEFAULT CHARSET=utf8 COLLATE=utf8_bin;

-- ----------------------------
-- Records of act_ge_bytearray
-- ----------------------------
INSERT INTO `act_ge_bytearray` VALUES ('2', '5', 'source', null, 0x7B227265736F757263654964223A2231222C2270726F70657274696573223A7B2270726F636573735F6964223A22656D61696C222C226E616D65223A22222C22646F63756D656E746174696F6E223A22222C2270726F636573735F617574686F72223A22736C696665222C2270726F636573735F76657273696F6E223A22222C2270726F636573735F6E616D657370616365223A22687474703A2F2F7777772E61637469766974692E6F72672F70726F63657373646566222C22657865637574696F6E6C697374656E657273223A22222C226576656E746C697374656E657273223A22222C227369676E616C646566696E6974696F6E73223A226E756C6C222C226D657373616765646566696E6974696F6E73223A22227D2C227374656E63696C223A7B226964223A2242504D4E4469616772616D227D2C226368696C64536861706573223A5B7B227265736F757263654964223A227369642D42374431433145302D374144412D344435392D384445352D333537423035343542424130222C2270726F70657274696573223A7B226F766572726964656964223A22222C226E616D65223A227374617274222C22646F63756D656E746174696F6E223A22222C22657865637574696F6E6C697374656E657273223A22222C22696E69746961746F72223A22222C22666F726D6B6579646566696E6974696F6E223A22222C22666F726D70726F70657274696573223A22227D2C227374656E63696C223A7B226964223A2253746172744E6F6E654576656E74227D2C226368696C64536861706573223A5B5D2C226F7574676F696E67223A5B7B227265736F757263654964223A227369642D30343234363435382D373143392D343646312D423738302D303630433832393644313438227D5D2C22626F756E6473223A7B226C6F7765725269676874223A7B2278223A37352C2279223A3532387D2C2275707065724C656674223A7B2278223A34352C2279223A3439387D7D2C22646F636B657273223A5B5D7D2C7B227265736F757263654964223A227369642D37393636363437452D433444462D343832452D383046432D464437363930383339384544222C2270726F70657274696573223A7B226F766572726964656964223A22222C226E616D65223A22E58F91E982AEE4BBB6222C22646F63756D656E746174696F6E223A22222C226173796E6368726F6E6F7573646566696E6974696F6E223A2266616C7365222C226578636C7573697665646566696E6974696F6E223A2266616C7365222C22657865637574696F6E6C697374656E657273223A22222C226D756C7469696E7374616E63655F74797065223A224E6F6E65222C226D756C7469696E7374616E63655F63617264696E616C697479223A22222C226D756C7469696E7374616E63655F636F6C6C656374696F6E223A22222C226D756C7469696E7374616E63655F7661726961626C65223A22222C226D756C7469696E7374616E63655F636F6E646974696F6E223A22222C226973666F72636F6D70656E736174696F6E223A2266616C7365222C22757365727461736B61737369676E6D656E74223A22222C22666F726D6B6579646566696E6974696F6E223A22222C2264756564617465646566696E6974696F6E223A22222C227072696F72697479646566696E6974696F6E223A22222C22666F726D70726F70657274696573223A22222C227461736B6C697374656E657273223A22227D2C227374656E63696C223A7B226964223A22557365725461736B227D2C226368696C64536861706573223A5B5D2C226F7574676F696E67223A5B7B227265736F757263654964223A227369642D39364439444545302D363032312D344630382D393230362D433338433630334330383439227D5D2C22626F756E6473223A7B226C6F7765725269676874223A7B2278223A3236352C2279223A3534357D2C2275707065724C656674223A7B2278223A3136352C2279223A3436357D7D2C22646F636B657273223A5B5D7D2C7B227265736F757263654964223A227369642D30343234363435382D373143392D343646312D423738302D303630433832393644313438222C2270726F70657274696573223A7B226F766572726964656964223A22222C226E616D65223A22222C22646F63756D656E746174696F6E223A22222C22636F6E646974696F6E73657175656E6365666C6F77223A22222C22657865637574696F6E6C697374656E657273223A22222C2264656661756C74666C6F77223A2266616C7365227D2C227374656E63696C223A7B226964223A2253657175656E6365466C6F77227D2C226368696C64536861706573223A5B5D2C226F7574676F696E67223A5B7B227265736F757263654964223A227369642D37393636363437452D433444462D343832452D383046432D464437363930383339384544227D5D2C22626F756E6473223A7B226C6F7765725269676874223A7B2278223A3136342E323733343337352C2279223A3531337D2C2275707065724C656674223A7B2278223A37352E303632352C2279223A3530357D7D2C22646F636B657273223A5B7B2278223A31352C2279223A31357D2C7B2278223A3132302C2279223A3531337D2C7B2278223A3132302C2279223A3530357D2C7B2278223A35302C2279223A34307D5D2C22746172676574223A7B227265736F757263654964223A227369642D37393636363437452D433444462D343832452D383046432D464437363930383339384544227D7D2C7B227265736F757263654964223A227369642D46303442444433452D334144302D344443362D383445422D413445383646343933454432222C2270726F70657274696573223A7B226F766572726964656964223A22222C226E616D65223A22E5AEA1E689B9222C22646F63756D656E746174696F6E223A22222C226173796E6368726F6E6F7573646566696E6974696F6E223A2266616C7365222C226578636C7573697665646566696E6974696F6E223A2266616C7365222C22657865637574696F6E6C697374656E657273223A22222C226D756C7469696E7374616E63655F74797065223A224E6F6E65222C226D756C7469696E7374616E63655F63617264696E616C697479223A22222C226D756C7469696E7374616E63655F636F6C6C656374696F6E223A22222C226D756C7469696E7374616E63655F7661726961626C65223A22222C226D756C7469696E7374616E63655F636F6E646974696F6E223A22222C226973666F72636F6D70656E736174696F6E223A2266616C7365222C22757365727461736B61737369676E6D656E74223A7B2261737369676E6D656E74223A7B2263616E64696461746547726F757073223A5B7B222424686173684B6579223A2230454D222C2276616C7565223A2274657374227D5D7D7D2C22666F726D6B6579646566696E6974696F6E223A22222C2264756564617465646566696E6974696F6E223A22222C227072696F72697479646566696E6974696F6E223A22222C22666F726D70726F70657274696573223A22222C227461736B6C697374656E657273223A22227D2C227374656E63696C223A7B226964223A22557365725461736B227D2C226368696C64536861706573223A5B5D2C226F7574676F696E67223A5B7B227265736F757263654964223A227369642D36453632344237412D303336392D343836322D383045302D313333463146333245394538227D5D2C22626F756E6473223A7B226C6F7765725269676874223A7B2278223A3436302C2279223A3534357D2C2275707065724C656674223A7B2278223A3336302C2279223A3436357D7D2C22646F636B657273223A5B5D7D2C7B227265736F757263654964223A227369642D39364439444545302D363032312D344630382D393230362D433338433630334330383439222C2270726F70657274696573223A7B226F766572726964656964223A22222C226E616D65223A22222C22646F63756D656E746174696F6E223A22222C22636F6E646974696F6E73657175656E6365666C6F77223A22222C22657865637574696F6E6C697374656E657273223A22222C2264656661756C74666C6F77223A2266616C7365227D2C227374656E63696C223A7B226964223A2253657175656E6365466C6F77227D2C226368696C64536861706573223A5B5D2C226F7574676F696E67223A5B7B227265736F757263654964223A227369642D46303442444433452D334144302D344443362D383445422D413445383646343933454432227D5D2C22626F756E6473223A7B226C6F7765725269676874223A7B2278223A3335392E34383832383132352C2279223A3530357D2C2275707065724C656674223A7B2278223A3236352E35313137313837352C2279223A3530357D7D2C22646F636B657273223A5B7B2278223A35302C2279223A34307D2C7B2278223A35302C2279223A34307D5D2C22746172676574223A7B227265736F757263654964223A227369642D46303442444433452D334144302D344443362D383445422D413445383646343933454432227D7D2C7B227265736F757263654964223A227369642D39444439444244412D314536372D344143382D393141372D423342344442363635324134222C2270726F70657274696573223A7B226F766572726964656964223A22222C226E616D65223A22656E64222C22646F63756D656E746174696F6E223A22222C22657865637574696F6E6C697374656E657273223A22227D2C227374656E63696C223A7B226964223A22456E644E6F6E654576656E74227D2C226368696C64536861706573223A5B5D2C226F7574676F696E67223A5B5D2C22626F756E6473223A7B226C6F7765725269676874223A7B2278223A3533382C2279223A3532377D2C2275707065724C656674223A7B2278223A3531302C2279223A3439397D7D2C22646F636B657273223A5B5D7D2C7B227265736F757263654964223A227369642D36453632344237412D303336392D343836322D383045302D313333463146333245394538222C2270726F70657274696573223A7B226F766572726964656964223A22222C226E616D65223A22222C22646F63756D656E746174696F6E223A22222C22636F6E646974696F6E73657175656E6365666C6F77223A22222C22657865637574696F6E6C697374656E657273223A22222C2264656661756C74666C6F77223A2266616C7365227D2C227374656E63696C223A7B226964223A2253657175656E6365466C6F77227D2C226368696C64536861706573223A5B5D2C226F7574676F696E67223A5B7B227265736F757263654964223A227369642D39444439444244412D314536372D344143382D393141372D423342344442363635324134227D5D2C22626F756E6473223A7B226C6F7765725269676874223A7B2278223A3530392E35393337352C2279223A3531337D2C2275707065724C656674223A7B2278223A3436302E32313837352C2279223A3530357D7D2C22646F636B657273223A5B7B2278223A35302C2279223A34307D2C7B2278223A3438352C2279223A3530357D2C7B2278223A3438352C2279223A3531337D2C7B2278223A31342C2279223A31347D5D2C22746172676574223A7B227265736F757263654964223A227369642D39444439444244412D314536372D344143382D393141372D423342344442363635324134227D7D5D2C22626F756E6473223A7B226C6F7765725269676874223A7B2278223A313230302C2279223A313035307D2C2275707065724C656674223A7B2278223A302C2279223A307D7D2C227374656E63696C736574223A7B2275726C223A227374656E63696C736574732F62706D6E322E302F62706D6E322E302E6A736F6E222C226E616D657370616365223A22687474703A2F2F62336D6E2E6F72672F7374656E63696C7365742F62706D6E322E3023227D2C227373657874656E73696F6E73223A5B5D7D, null);
INSERT INTO `act_ge_bytearray` VALUES ('2502', '1', 'email.bpmn20.xml', '2501', 0x3C3F786D6C2076657273696F6E3D22312E302220656E636F64696E673D225554462D38223F3E0A3C646566696E6974696F6E7320786D6C6E733D22687474703A2F2F7777772E6F6D672E6F72672F737065632F42504D4E2F32303130303532342F4D4F44454C2220786D6C6E733A7873693D22687474703A2F2F7777772E77332E6F72672F323030312F584D4C536368656D612D696E7374616E63652220786D6C6E733A7873643D22687474703A2F2F7777772E77332E6F72672F323030312F584D4C536368656D612220786D6C6E733A61637469766974693D22687474703A2F2F61637469766974692E6F72672F62706D6E2220786D6C6E733A62706D6E64693D22687474703A2F2F7777772E6F6D672E6F72672F737065632F42504D4E2F32303130303532342F44492220786D6C6E733A6F6D6764633D22687474703A2F2F7777772E6F6D672E6F72672F737065632F44442F32303130303532342F44432220786D6C6E733A6F6D6764693D22687474703A2F2F7777772E6F6D672E6F72672F737065632F44442F32303130303532342F44492220747970654C616E67756167653D22687474703A2F2F7777772E77332E6F72672F323030312F584D4C536368656D61222065787072657373696F6E4C616E67756167653D22687474703A2F2F7777772E77332E6F72672F313939392F585061746822207461726765744E616D6573706163653D22687474703A2F2F7777772E61637469766974692E6F72672F70726F63657373646566223E0A20203C70726F636573732069643D2270726F636573732220697345786563757461626C653D2274727565223E0A202020203C73746172744576656E742069643D227369642D42374431433145302D374144412D344435392D384445352D33353742303534354242413022206E616D653D227374617274223E3C2F73746172744576656E743E0A202020203C757365725461736B2069643D227369642D37393636363437452D433444462D343832452D383046432D46443736393038333938454422206E616D653D22E58F91E982AEE4BBB6223E3C2F757365725461736B3E0A202020203C73657175656E6365466C6F772069643D227369642D30343234363435382D373143392D343646312D423738302D3036304338323936443134382220736F757263655265663D227369642D42374431433145302D374144412D344435392D384445352D33353742303534354242413022207461726765745265663D227369642D37393636363437452D433444462D343832452D383046432D464437363930383339384544223E3C2F73657175656E6365466C6F773E0A202020203C757365725461736B2069643D227369642D46303442444433452D334144302D344443362D383445422D41344538364634393345443222206E616D653D22E5AEA1E689B9222061637469766974693A63616E64696461746547726F7570733D2274657374223E3C2F757365725461736B3E0A202020203C73657175656E6365466C6F772069643D227369642D39364439444545302D363032312D344630382D393230362D4333384336303343303834392220736F757263655265663D227369642D37393636363437452D433444462D343832452D383046432D46443736393038333938454422207461726765745265663D227369642D46303442444433452D334144302D344443362D383445422D413445383646343933454432223E3C2F73657175656E6365466C6F773E0A202020203C656E644576656E742069643D227369642D39444439444244412D314536372D344143382D393141372D42334234444236363532413422206E616D653D22656E64223E3C2F656E644576656E743E0A202020203C73657175656E6365466C6F772069643D227369642D36453632344237412D303336392D343836322D383045302D3133334631463332453945382220736F757263655265663D227369642D46303442444433452D334144302D344443362D383445422D41344538364634393345443222207461726765745265663D227369642D39444439444244412D314536372D344143382D393141372D423342344442363635324134223E3C2F73657175656E6365466C6F773E0A20203C2F70726F636573733E0A20203C62706D6E64693A42504D4E4469616772616D2069643D2242504D4E4469616772616D5F70726F63657373223E0A202020203C62706D6E64693A42504D4E506C616E652062706D6E456C656D656E743D2270726F63657373222069643D2242504D4E506C616E655F70726F63657373223E0A2020202020203C62706D6E64693A42504D4E53686170652062706D6E456C656D656E743D227369642D42374431433145302D374144412D344435392D384445352D333537423035343542424130222069643D2242504D4E53686170655F7369642D42374431433145302D374144412D344435392D384445352D333537423035343542424130223E0A20202020202020203C6F6D6764633A426F756E6473206865696768743D2233302E30222077696474683D2233302E302220783D2234352E302220793D223439382E30223E3C2F6F6D6764633A426F756E64733E0A2020202020203C2F62706D6E64693A42504D4E53686170653E0A2020202020203C62706D6E64693A42504D4E53686170652062706D6E456C656D656E743D227369642D37393636363437452D433444462D343832452D383046432D464437363930383339384544222069643D2242504D4E53686170655F7369642D37393636363437452D433444462D343832452D383046432D464437363930383339384544223E0A20202020202020203C6F6D6764633A426F756E6473206865696768743D2238302E30222077696474683D223130302E302220783D223136352E302220793D223436352E30223E3C2F6F6D6764633A426F756E64733E0A2020202020203C2F62706D6E64693A42504D4E53686170653E0A2020202020203C62706D6E64693A42504D4E53686170652062706D6E456C656D656E743D227369642D46303442444433452D334144302D344443362D383445422D413445383646343933454432222069643D2242504D4E53686170655F7369642D46303442444433452D334144302D344443362D383445422D413445383646343933454432223E0A20202020202020203C6F6D6764633A426F756E6473206865696768743D2238302E30222077696474683D223130302E302220783D223336302E302220793D223436352E30223E3C2F6F6D6764633A426F756E64733E0A2020202020203C2F62706D6E64693A42504D4E53686170653E0A2020202020203C62706D6E64693A42504D4E53686170652062706D6E456C656D656E743D227369642D39444439444244412D314536372D344143382D393141372D423342344442363635324134222069643D2242504D4E53686170655F7369642D39444439444244412D314536372D344143382D393141372D423342344442363635324134223E0A20202020202020203C6F6D6764633A426F756E6473206865696768743D2232382E30222077696474683D2232382E302220783D223531302E302220793D223439392E30223E3C2F6F6D6764633A426F756E64733E0A2020202020203C2F62706D6E64693A42504D4E53686170653E0A2020202020203C62706D6E64693A42504D4E456467652062706D6E456C656D656E743D227369642D39364439444545302D363032312D344630382D393230362D433338433630334330383439222069643D2242504D4E456467655F7369642D39364439444545302D363032312D344630382D393230362D433338433630334330383439223E0A20202020202020203C6F6D6764693A776179706F696E7420783D223236352E302220793D223530352E30223E3C2F6F6D6764693A776179706F696E743E0A20202020202020203C6F6D6764693A776179706F696E7420783D223336302E302220793D223530352E30223E3C2F6F6D6764693A776179706F696E743E0A2020202020203C2F62706D6E64693A42504D4E456467653E0A2020202020203C62706D6E64693A42504D4E456467652062706D6E456C656D656E743D227369642D30343234363435382D373143392D343646312D423738302D303630433832393644313438222069643D2242504D4E456467655F7369642D30343234363435382D373143392D343646312D423738302D303630433832393644313438223E0A20202020202020203C6F6D6764693A776179706F696E7420783D2237352E302220793D223531332E30223E3C2F6F6D6764693A776179706F696E743E0A20202020202020203C6F6D6764693A776179706F696E7420783D223132302E302220793D223531332E30223E3C2F6F6D6764693A776179706F696E743E0A20202020202020203C6F6D6764693A776179706F696E7420783D223132302E302220793D223530352E30223E3C2F6F6D6764693A776179706F696E743E0A20202020202020203C6F6D6764693A776179706F696E7420783D223136352E302220793D223530352E30223E3C2F6F6D6764693A776179706F696E743E0A2020202020203C2F62706D6E64693A42504D4E456467653E0A2020202020203C62706D6E64693A42504D4E456467652062706D6E456C656D656E743D227369642D36453632344237412D303336392D343836322D383045302D313333463146333245394538222069643D2242504D4E456467655F7369642D36453632344237412D303336392D343836322D383045302D313333463146333245394538223E0A20202020202020203C6F6D6764693A776179706F696E7420783D223436302E302220793D223530352E30223E3C2F6F6D6764693A776179706F696E743E0A20202020202020203C6F6D6764693A776179706F696E7420783D223438352E302220793D223530352E30223E3C2F6F6D6764693A776179706F696E743E0A20202020202020203C6F6D6764693A776179706F696E7420783D223438352E302220793D223531332E30223E3C2F6F6D6764693A776179706F696E743E0A20202020202020203C6F6D6764693A776179706F696E7420783D223531302E302220793D223531332E30223E3C2F6F6D6764693A776179706F696E743E0A2020202020203C2F62706D6E64693A42504D4E456467653E0A202020203C2F62706D6E64693A42504D4E506C616E653E0A20203C2F62706D6E64693A42504D4E4469616772616D3E0A3C2F646566696E6974696F6E733E, '0');
INSERT INTO `act_ge_bytearray` VALUES ('2503', '1', 'email.process.png', '2501', 0x89504E470D0A1A0A0000000D49484452000002240000022B0806000000DFA582A5000011C94944415478DAEDDD6D6C54859A07703E68B2DFFC684CD6A85993BDF1BBC926AEC69818BF5CE39A688A6D055249ABACF85230D145836F447C0BBEACB9D118AF1256D710822CCBF2D6420111B22A5116C50B575E0404CBF572B1D7620539F73CB39CC9E9B485D2CE8CD399DF2F79D269670A329EE77F9EF33A9326010000000000000000000000000000000000000000000000000000000000000000000000000000000000000000000000000000000000000000000000000000000000000000000000000000000000000000000000000000000000000000000000000000000000000000000000000000000000000000000000000000000000000000000000000000000000000000000000000000000000000000000000000000000000000000000000000000000000000000000000000000000000000000000000000000000000000000000000000000000000000000000000000000000000000000000000000000000000000000000000000000000000000000000000000000000000000000000000000000000000000000000000000000000000000000000000000000000000000000000000000000000000000000000000000000000000000000000000000000000000000000000000000000000000000000000000000000000000000000000000000000000000000000000000000000000000000000000000000000000000000000000000000000000000000000000000000000000000000000000000000000000000000000000000000000000000000000000000000000000000000000000000000000000000000000000000000000000000000000000000000000000000000000000000000000000000000000000000000000000000000000000000000000000000000000000000000000000000000000000000000000000000000000000000000000000000000000000000000000000000000000000000000000000000000000000000000000000000000000000000000000000000000000000000000000000000000000000000000000000000000000000000000000000000000000000000000000000000000000000000000000000000000000000000000000000000000000000000000000000000000000000000000000000000000000000000000000000000000000000000000000000000000000000000000000000000000000000000000000000000000000000000000000000000000000000000000000000000000000000000000000000000000000000000000000000000000000000000000000000000000000000000000000000000000000000000000000000000000000000000000000000000000000000000000000000000000000000000000000000000000000000000000000000000000000000000000000000000000000000000000000000000000000000000000000000000000000000000000000000000000000000000000000000000000000000000000000000000000000000000000000000000000000000000000000000000000000000000000000000083254972C19E3D7B166FDDBAF597EEEEEE64EDDAB5AACAD5D5D5956CDCB8F14F69B55A22F5825ED00BD0902280376DDA94F4F6F626030303EA57AAA3478F261B366C389E06F26D964ABDA017F402349CD81A14C03513C403E956E24E4BA55ED00B7A011A4EEC9A1680B55369089FB454EA05A517A0E1C4715BE15753219C582AF582D20B208447A8BFFEE570B2E7E3DF275F743D59A8781C3F139C42582FE805BD00542584FB8E1D4A76AC7E2CF97CC543832A7E16CF094F21AC17F4825E002A1EC207BEF8AF21019CD5C12F960B4F21AC17F4825E002A1FC23BD73F3B6208C773C25308EB05BDA017808A87F08EB58F8F18C2F19CF014C27A412FE80540080B61F4825E00EA3F84E34A829142389E139E42582FE805BD00543C84776FFEF71143389E139E42582FE805BD00543C84BF3FB43DD9B166EED05DD4E9CFE239E12984F5825ED00B40C543386AEF270B878470FC4C700A61BDA017F402509D10FEE9A764F747BF1BBA8B3AFD593C273C85B05ED00B7A01A86808C7DD27776D7E75C4E3E6F19C3B540A61BDA017F4025099104EB7F60EEF5E97FCDFAA7F1B3180B38AD7C46B6D210A61BDA017F40250B6103ED796A02D4421AC17F4825E002A1EC2A3D9123CDB16A23015C27A412FE80560DC213CD600CE4A980A61BDA017F40230EE105642582F28BD000861218C5ED00B7A0184B012C27A41E90540080B61F4825ED00B20849510D60B4A2F00425808A317F4825E0021AC84B05E507A0110C24218BDA017F40208612584F582D20B801016C2E805BDA01740082B21AC17945E0084B010462FE805BDC0582449F277DBB76FEF78E79D7736CC9F3FFFF87DF7DD7772DAB469C9E4C99393D6D6D6D3F7DC73CFC09C3973F63CFBECB38BD2FA47EF98105642582F28BDF0FF5A5A5AFEBEA9A9E9DE749DB938ADDD69F5C5FA33AD1369ED4D9F5B9A7E9D1DAFD3A9671944962C59B2F0A9A79E3AF9C0030F24AFBFFE7AB275EBD6E4D0A143C989132792105F7B7B7B934F3FFD34490796E4FEFBEF3FFDE0830FEE6B6F6F9FEE1D14C2CA40A21754A3F6C21D77DCF12F69AD4D6BE0CC00329A5A9FBEBE55C7E6A48347DBD34F3FFDD3430F3D5418364E9D3A958CD6679F7D963CFCF0C3A73A3A3A76DE7EFBED577A372BB2A0C742FECF425808EB05BDA0176A4B3A545C9E2E93ABCE630819AE3635FCFA339D272E58B66CD9BABBEFBE3B59BE7CF9790D22A556AD5A95B4B5B5F5DB5B529105BEB0D04618373535FD931016C27A412FE8855F5FBA0C4E6E6E6EFE737EB8686969499E79E69964DDBA75C937DF7C93FCF0C30F8575E48F3FFE5838E2B079F3E664C18205C99D77DE593A94F435ECDE9218467A7A7AFE77E6CC99C9AE5DBB9272D8B76F5F920E37FDD3A74FFF57D159FE10CED5CAE1B61285B010D60B7A412F546D18F96DBAEC9DCA0F228B162D2A9CD6301AC78E1D2BBC3E7E2FBF4CA77F66E36DD4C79E91184646FBE68D56FC79EDEDED7D8E8B5534848B5B89F93016C242582FE805BD509D3D23F961A4B3B3B3B037642CE2F7E2748992E5B971D69F71CE481CA629D79E91E1F6944C9932E558FAA6FE4684562E84F35B89B1FB5A080B61BDA017F442C597C1CBF38769E6CE9D5B3C2C3356713867DEBC79A5876FEA7FFD1957D33CF9E4930371CE4825AD58B1A2BFA5A5654B1D075FCD9510AEAD9A88CB50BD945E68CC5EA8C6BA211D46BAF27B46C63B8CE48792923D259BEA7E2059BA74E97FC43FFAE79F7F4E2A6DC68C194726EAAEA76A2DDCE31C8E3E8EE398D75F7FFD05B5B69BBABBBB3B397EFC78B272E5CA781F0B978CC710BC61C386117F275EF7EAABAF16BF8FD72F5BB6AC50F1DCC1830787BCFE89279E28FCD9D9F773E6CCB155D8987B486AB6174653B1ECBEF0C20BE77CCDECD9B30B8FDF7FFFFD41CB7D9C8BD0E87B48AA91D971696FFE9C91B11EA639DBE19BFC3925757DE826F68EC47D46E2D2DE6AF8FCF3CF0726EA5E921A1F4806856FAD1D378FA08CC56DDBB66DC995575E995C7DF5D58342F5A69B6E1AF4FA185AB2A1E3ADB7DE2AFCCEEEDDBB0BDF7FFDF5D7852D87781C219CFD4EFC3C7B3EBE7EF2C92785AF6FBFFDB681A4B106929AEE85912A06F358E6A74C9952F87AC9259724D75E7B6D71005FB2644972C515570C1948DE7CF3CDE2E3850B17161FE77BC34052D181646DB6ECC5105809EFBDF75E63EC25893BB0C689ACE3B9BCF77CB5B5B51D89636E0692B284F09698D04BC3B7D642F8A5975E2A84E4D2A54B0B5F6FBCF1C641E11B411A3F4F97C762A0EED8B1A3F8B3FCA0F1D5575F15C236BE9686F373CF3D571C7E5E7BEDB5C2D737DE78A330D444C01B48EA7A209910BD70B6BD1DF92122BE4F37168BDF5F78E185C9238F3C5278BC77EFDEE2C07EDD75D715FB27EB897CDFBCFCF2CB0692310E1AE7BABF4DDC59353B9135F6627CFFFDF7155967C6D5372597045F5E97CD1CB7838F09BB9A162C58F059DC26D74032AEFF9661B7026B3584F3C3C368B6DE861B48F6EFDF5F0CDDECF9FC9F1F3F7BF7DD770B434F7EB08981C41E92BA1E4826542F8C547D7D7D85C39AF94392E9C65BE1F1ADB7DE5A18DE87EB93FC1E928B2FBE3859B3664DE171EC4D39DBE15003C9E806DDB3DDDFE6CCEDE00BAF8B8DA10AAF37F303C9ECBA6CE6F86C9AB81D7C357DF4D147FBD23774B981A4F26A2D84B3432D71C826DB3B72C30D371482B73468E3504B76C826BE1E387060D040923F461EE7994C3A734EC9A4DCB925061226CA40922DAF8B172F2E3E8EFEC80E615E74D145C3BE3EF690648727B76CD932ECB9570692B21C0A1C727F9B339F4D5378BEA7A7A7A2EBCDB8795AEEBF65795D36697C50DEE1C387AB3A901C3972A4377D430F18481A2F8463CF480C1811B0F9508DCF4A3A9F3D24D9619908EF783E4E96CD5E7BCD35D724E9D672712BF3E69B6F2E3EDEB4699381C44052D303492CBFA57B48E270E32DB7DC527C5D2CE771326B7EE02E1D669C4352F68164C8FD6DCE7C505EE1E7E53E99B554DCD135F7DF71A02E9B343EB537FBA0BC6A89BF2F3EE5D040D278219C0D0DB145B77EFDFA2C948A57078C662059B162C5B0571264BBAFF37F963D24D4E340926ED415CFA9CAF6A2940E2459DF945E89662019DF4092DF6392567FF67DB92EF53DDB25C0B9BFFB445D3669FCE37E0D13F55E064278EC75E9A5970E0AD5B87950762866B8601EE9904DFC9BA64F9F5E781C57DE0C773CDD40C2441C484AF71C66C346EC15FCF2CB2FCF790E4936ECC7E338F1350694D261BFD106926A55B5D79B75D9A453A74E3D5DED3D24FDFDFD47EA76C213C2C356B6B72396B5A8CB2EBB2CB9EAAAAB8A5707CC983163C89E8D383935FF7D767E4884730C22B1C53052381B4898880349E9B29B0D24C39D001B352977597B3CCE7A2CBE66037F76658E3BB5966D98299E441D774FB587A48C66CE9C3950ED7348BEFDF6DB3FD4ED3130213CA4E292B5B89F420C117162560C22F9BD22478F1E2D5CDE983F1C73B6901EE9DF3469987B8ED4DAB174038981A41C034954DC976452C989ACD963B78EAFC84032E46A2EE79094D9638F3DB6BBDA57D9AC5EBDFA7FEAF62C6121AC0C247A41D5D34032E2FD6D5C655366CF3FFFFC9BD5BE0FC9DCB97357D4ED75D442581948F482AA8781E49CF7B7711F92327BF4D147FFE1DE7BEFFDA58A776A3DD1DCDCFC75DDDE694E082B03895E500DD10B71A7D6745D76B21A776A6D6D6D3D5DF7776A0D9D9D9D7FACD667D9AC5EBD7A51437C62A110560612BDA0EABE177C964D99DD75D75DB7CF9A35EB6415F6921C6B6E6EDE56D79F5628849581442FA8461A482AFE69BFE97AF374437CDA6FA6A3A3637B7CB47B25C5F92A31DD9DEB332710C24218BDA017268A74BDB63E1B183A3B3BCB7609705CEA3B6BD6AC53F9BD230DB1FE8C63526D6D6DFDBB76EDAAC830B27DFBF665E9DF71389DEE7E231A85B010462FE8857A5A7FA675341B1CE21E30E31D4A621899376F5EFEBC91BE865A7FB6B6B6B6747474FCD8DBDB5BD661E4E0C1831F363737EF77A846080B6103895E50F5D80B4D4D4D93B3135CB33D25633D7C13BF57B2672469C8F5674B4B4B5B7B7B7B5FB9F694C49E911846D2FF590F8B44212C840D247A41D56B2FA483C3B4FC5012E794C489AE7195CC68AFA6891358F3E78C4435F4FA3326BDD6D6D6E31F7CF0C15FC771A2EBB1175F7CF1F7719826FE27894321AC0C247A41D57B2FC4FA33AD63F981220693B84F49DC3C2DF67E648773E2B04CDC81356E7AF6CA2BAF2453A74EFDA5E4EEB07DD69F678E89A5535A774747C7916DDBB6F59FCF7D46D6AC59F35E3AD07C1C27E0386744082B03895E508DD40BB1FECC5F0E3CC6B2FE1CE68DBD2D069369D3A6F5CE9F3FFF8B0F3FFC707F3AD11DCE3E902F3E282F3E9BA6ABABEBBF1F7FFCF195E924B827DEC898EA5C4D23849581442FA846ED85587F9E194C4E9ECF2062FD790E7147BAF48D7DE0CCBDFBF7C6A70D669F3A181FF413F7D68FDBD9BA03AB10560612BDA0F482F5270861218C5ED00B80105642582F28BD000861218C5ED00B80105642582F28BD000861218C5ED00B80105642582F28BD000861218C5ED00B80105642582F28BD000861218C5ED00B80105642582F28BD000861218C5ED00B80105642582F28BD000861218C5ED00B406DE9EEEE167EB55327D2103E69A9D40B4A2F40C3D9B871E3E1DEDE5E01580375E8D0A1FF4C4378A7A5522FE805BD000D67DDBA75B7F4F4F4FCE5BBEFBEEB1784BFDED66004705757D7FEB46EB354EA05BDA017A021A58DFFDB746BE4E3D8451AC76D55D52BDEF79D02582F28BD00000000000000000000000000000000000000D030FE06F097FBE11430926D0000000049454E44AE426082, '1');
INSERT INTO `act_ge_bytearray` VALUES ('3', '1', 'source-extra', null, '', null);
INSERT INTO `act_ge_bytearray` VALUES ('5002', '1', 'email.bpmn20.xml', '5001', 0x3C3F786D6C2076657273696F6E3D22312E302220656E636F64696E673D225554462D38223F3E0A3C646566696E6974696F6E7320786D6C6E733D22687474703A2F2F7777772E6F6D672E6F72672F737065632F42504D4E2F32303130303532342F4D4F44454C2220786D6C6E733A7873693D22687474703A2F2F7777772E77332E6F72672F323030312F584D4C536368656D612D696E7374616E63652220786D6C6E733A7873643D22687474703A2F2F7777772E77332E6F72672F323030312F584D4C536368656D612220786D6C6E733A61637469766974693D22687474703A2F2F61637469766974692E6F72672F62706D6E2220786D6C6E733A62706D6E64693D22687474703A2F2F7777772E6F6D672E6F72672F737065632F42504D4E2F32303130303532342F44492220786D6C6E733A6F6D6764633D22687474703A2F2F7777772E6F6D672E6F72672F737065632F44442F32303130303532342F44432220786D6C6E733A6F6D6764693D22687474703A2F2F7777772E6F6D672E6F72672F737065632F44442F32303130303532342F44492220747970654C616E67756167653D22687474703A2F2F7777772E77332E6F72672F323030312F584D4C536368656D61222065787072657373696F6E4C616E67756167653D22687474703A2F2F7777772E77332E6F72672F313939392F585061746822207461726765744E616D6573706163653D22687474703A2F2F7777772E61637469766974692E6F72672F70726F63657373646566223E0A20203C70726F636573732069643D2270726F636573732220697345786563757461626C653D2274727565223E0A202020203C73746172744576656E742069643D227369642D42374431433145302D374144412D344435392D384445352D33353742303534354242413022206E616D653D227374617274223E3C2F73746172744576656E743E0A202020203C757365725461736B2069643D227369642D37393636363437452D433444462D343832452D383046432D46443736393038333938454422206E616D653D22E58F91E982AEE4BBB6223E3C2F757365725461736B3E0A202020203C73657175656E6365466C6F772069643D227369642D30343234363435382D373143392D343646312D423738302D3036304338323936443134382220736F757263655265663D227369642D42374431433145302D374144412D344435392D384445352D33353742303534354242413022207461726765745265663D227369642D37393636363437452D433444462D343832452D383046432D464437363930383339384544223E3C2F73657175656E6365466C6F773E0A202020203C757365725461736B2069643D227369642D46303442444433452D334144302D344443362D383445422D41344538364634393345443222206E616D653D22E5AEA1E689B9222061637469766974693A63616E64696461746547726F7570733D2274657374223E3C2F757365725461736B3E0A202020203C73657175656E6365466C6F772069643D227369642D39364439444545302D363032312D344630382D393230362D4333384336303343303834392220736F757263655265663D227369642D37393636363437452D433444462D343832452D383046432D46443736393038333938454422207461726765745265663D227369642D46303442444433452D334144302D344443362D383445422D413445383646343933454432223E3C2F73657175656E6365466C6F773E0A202020203C656E644576656E742069643D227369642D39444439444244412D314536372D344143382D393141372D42334234444236363532413422206E616D653D22656E64223E3C2F656E644576656E743E0A202020203C73657175656E6365466C6F772069643D227369642D36453632344237412D303336392D343836322D383045302D3133334631463332453945382220736F757263655265663D227369642D46303442444433452D334144302D344443362D383445422D41344538364634393345443222207461726765745265663D227369642D39444439444244412D314536372D344143382D393141372D423342344442363635324134223E3C2F73657175656E6365466C6F773E0A20203C2F70726F636573733E0A20203C62706D6E64693A42504D4E4469616772616D2069643D2242504D4E4469616772616D5F70726F63657373223E0A202020203C62706D6E64693A42504D4E506C616E652062706D6E456C656D656E743D2270726F63657373222069643D2242504D4E506C616E655F70726F63657373223E0A2020202020203C62706D6E64693A42504D4E53686170652062706D6E456C656D656E743D227369642D42374431433145302D374144412D344435392D384445352D333537423035343542424130222069643D2242504D4E53686170655F7369642D42374431433145302D374144412D344435392D384445352D333537423035343542424130223E0A20202020202020203C6F6D6764633A426F756E6473206865696768743D2233302E30222077696474683D2233302E302220783D2234352E302220793D223439382E30223E3C2F6F6D6764633A426F756E64733E0A2020202020203C2F62706D6E64693A42504D4E53686170653E0A2020202020203C62706D6E64693A42504D4E53686170652062706D6E456C656D656E743D227369642D37393636363437452D433444462D343832452D383046432D464437363930383339384544222069643D2242504D4E53686170655F7369642D37393636363437452D433444462D343832452D383046432D464437363930383339384544223E0A20202020202020203C6F6D6764633A426F756E6473206865696768743D2238302E30222077696474683D223130302E302220783D223136352E302220793D223436352E30223E3C2F6F6D6764633A426F756E64733E0A2020202020203C2F62706D6E64693A42504D4E53686170653E0A2020202020203C62706D6E64693A42504D4E53686170652062706D6E456C656D656E743D227369642D46303442444433452D334144302D344443362D383445422D413445383646343933454432222069643D2242504D4E53686170655F7369642D46303442444433452D334144302D344443362D383445422D413445383646343933454432223E0A20202020202020203C6F6D6764633A426F756E6473206865696768743D2238302E30222077696474683D223130302E302220783D223336302E302220793D223436352E30223E3C2F6F6D6764633A426F756E64733E0A2020202020203C2F62706D6E64693A42504D4E53686170653E0A2020202020203C62706D6E64693A42504D4E53686170652062706D6E456C656D656E743D227369642D39444439444244412D314536372D344143382D393141372D423342344442363635324134222069643D2242504D4E53686170655F7369642D39444439444244412D314536372D344143382D393141372D423342344442363635324134223E0A20202020202020203C6F6D6764633A426F756E6473206865696768743D2232382E30222077696474683D2232382E302220783D223531302E302220793D223439392E30223E3C2F6F6D6764633A426F756E64733E0A2020202020203C2F62706D6E64693A42504D4E53686170653E0A2020202020203C62706D6E64693A42504D4E456467652062706D6E456C656D656E743D227369642D39364439444545302D363032312D344630382D393230362D433338433630334330383439222069643D2242504D4E456467655F7369642D39364439444545302D363032312D344630382D393230362D433338433630334330383439223E0A20202020202020203C6F6D6764693A776179706F696E7420783D223236352E302220793D223530352E30223E3C2F6F6D6764693A776179706F696E743E0A20202020202020203C6F6D6764693A776179706F696E7420783D223336302E302220793D223530352E30223E3C2F6F6D6764693A776179706F696E743E0A2020202020203C2F62706D6E64693A42504D4E456467653E0A2020202020203C62706D6E64693A42504D4E456467652062706D6E456C656D656E743D227369642D30343234363435382D373143392D343646312D423738302D303630433832393644313438222069643D2242504D4E456467655F7369642D30343234363435382D373143392D343646312D423738302D303630433832393644313438223E0A20202020202020203C6F6D6764693A776179706F696E7420783D2237352E302220793D223531332E30223E3C2F6F6D6764693A776179706F696E743E0A20202020202020203C6F6D6764693A776179706F696E7420783D223132302E302220793D223531332E30223E3C2F6F6D6764693A776179706F696E743E0A20202020202020203C6F6D6764693A776179706F696E7420783D223132302E302220793D223530352E30223E3C2F6F6D6764693A776179706F696E743E0A20202020202020203C6F6D6764693A776179706F696E7420783D223136352E302220793D223530352E30223E3C2F6F6D6764693A776179706F696E743E0A2020202020203C2F62706D6E64693A42504D4E456467653E0A2020202020203C62706D6E64693A42504D4E456467652062706D6E456C656D656E743D227369642D36453632344237412D303336392D343836322D383045302D313333463146333245394538222069643D2242504D4E456467655F7369642D36453632344237412D303336392D343836322D383045302D313333463146333245394538223E0A20202020202020203C6F6D6764693A776179706F696E7420783D223436302E302220793D223530352E30223E3C2F6F6D6764693A776179706F696E743E0A20202020202020203C6F6D6764693A776179706F696E7420783D223438352E302220793D223530352E30223E3C2F6F6D6764693A776179706F696E743E0A20202020202020203C6F6D6764693A776179706F696E7420783D223438352E302220793D223531332E30223E3C2F6F6D6764693A776179706F696E743E0A20202020202020203C6F6D6764693A776179706F696E7420783D223531302E302220793D223531332E30223E3C2F6F6D6764693A776179706F696E743E0A2020202020203C2F62706D6E64693A42504D4E456467653E0A202020203C2F62706D6E64693A42504D4E506C616E653E0A20203C2F62706D6E64693A42504D4E4469616772616D3E0A3C2F646566696E6974696F6E733E, '0');
INSERT INTO `act_ge_bytearray` VALUES ('5003', '1', 'email.process.png', '5001', 0x89504E470D0A1A0A0000000D49484452000002240000022B0806000000DFA582A5000011C94944415478DAEDDD6D6C54859A07703E68B2DFFC684CD6A85993BDF1BBC926AEC69818BF5CE39A688A6D055249ABACF85230D145836F447C0BBEACB9D118AF1256D710822CCBF2D6420111B22A5116C50B575E0404CBF572B1D7620539F73CB39CC9E9B485D2CE8CD399DF2F79D269670A329EE77F9EF33A9326010000000000000000000000000000000000000000000000000000000000000000000000000000000000000000000000000000000000000000000000000000000000000000000000000000000000000000000000000000000000000000000000000000000000000000000000000000000000000000000000000000000000000000000000000000000000000000000000000000000000000000000000000000000000000000000000000000000000000000000000000000000000000000000000000000000000000000000000000000000000000000000000000000000000000000000000000000000000000000000000000000000000000000000000000000000000000000000000000000000000000000000000000000000000000000000000000000000000000000000000000000000000000000000000000000000000000000000000000000000000000000000000000000000000000000000000000000000000000000000000000000000000000000000000000000000000000000000000000000000000000000000000000000000000000000000000000000000000000000000000000000000000000000000000000000000000000000000000000000000000000000000000000000000000000000000000000000000000000000000000000000000000000000000000000000000000000000000000000000000000000000000000000000000000000000000000000000000000000000000000000000000000000000000000000000000000000000000000000000000000000000000000000000000000000000000000000000000000000000000000000000000000000000000000000000000000000000000000000000000000000000000000000000000000000000000000000000000000000000000000000000000000000000000000000000000000000000000000000000000000000000000000000000000000000000000000000000000000000000000000000000000000000000000000000000000000000000000000000000000000000000000000000000000000000000000000000000000000000000000000000000000000000000000000000000000000000000000000000000000000000000000000000000000000000000000000000000000000000000000000000000000000000000000000000000000000000000000000000000000000000000000000000000000000000000000000000000000000000000000000000000000000000000000000000000000000000000000000000000000000000000000000000000000000000000000000000000000000000000000000000000000000000000000000000000000000000000000000000000000083254972C19E3D7B166FDDBAF597EEEEEE64EDDAB5AACAD5D5D5956CDCB8F14F69B55A22F5825ED00BD0902280376DDA94F4F6F626030303EA57AAA3478F261B366C389E06F26D964ABDA017F402349CD81A14C03513C403E956E24E4BA55ED00B7A011A4EEC9A1680B55369089FB454EA05A517A0E1C4715BE15753219C582AF582D20B208447A8BFFEE570B2E7E3DF275F743D59A8781C3F139C42582FE805BD00542584FB8E1D4A76AC7E2CF97CC543832A7E16CF094F21AC17F4825E002A1EC207BEF8AF21019CD5C12F960B4F21AC17F4825E002A1FC23BD73F3B6208C773C25308EB05BDA017808A87F08EB58F8F18C2F19CF014C27A412FE80540080B61F4825E00EA3F84E34A829142389E139E42582FE805BD00543C84776FFEF71143389E139E42582FE805BD00543C84BF3FB43DD9B166EED05DD4E9CFE239E12984F5825ED00B40C543386AEF270B878470FC4C700A61BDA017F402509D10FEE9A764F747BF1BBA8B3AFD593C273C85B05ED00B7A01A86808C7DD27776D7E75C4E3E6F19C3B540A61BDA017F4025099104EB7F60EEF5E97FCDFAA7F1B3180B38AD7C46B6D210A61BDA017F40250B6103ED796A02D4421AC17F4825E002A1EC2A3D9123CDB16A23015C27A412FE80560DC213CD600CE4A980A61BDA017F40230EE105642582F28BD000861218C5ED00B7A0184B012C27A41E90540080B61F4825ED00B20849510D60B4A2F00425808A317F4825E0021AC84B05E507A0110C24218BDA017F40208612584F582D20B801016C2E805BDA01740082B21AC17945E0084B010462FE805BDC0582449F277DBB76FEF78E79D7736CC9F3FFFF87DF7DD7772DAB469C9E4C99393D6D6D6D3F7DC73CFC09C3973F63CFBECB38BD2FA47EF98105642582F28BDF0FF5A5A5AFEBEA9A9E9DE749DB938ADDD69F5C5FA33AD1369ED4D9F5B9A7E9D1DAFD3A9671944962C59B2F0A9A79E3AF9C0030F24AFBFFE7AB275EBD6E4D0A143C989132792105F7B7B7B934F3FFD34490796E4FEFBEF3FFDE0830FEE6B6F6F9FEE1D14C2CA40A21754A3F6C21D77DCF12F69AD4D6BE0CC00329A5A9FBEBE55C7E6A48347DBD34F3FFDD3430F3D5418364E9D3A958CD6679F7D963CFCF0C3A73A3A3A76DE7EFBED577A372BB2A0C742FECF425808EB05BDA0176A4B3A545C9E2E93ABCE630819AE3635FCFA339D272E58B66CD9BABBEFBE3B59BE7CF9790D22A556AD5A95B4B5B5F5DB5B529105BEB0D04618373535FD931016C27A412FE8855F5FBA0C4E6E6E6EFE737EB8686969499E79E69964DDBA75C937DF7C93FCF0C30F8575E48F3FFE5838E2B079F3E664C18205C99D77DE593A94F435ECDE9218467A7A7AFE77E6CC99C9AE5DBB9272D8B76F5F920E37FDD3A74FFF57D159FE10CED5CAE1B61285B010D60B7A412F546D18F96DBAEC9DCA0F228B162D2A9CD6301AC78E1D2BBC3E7E2FBF4CA77F66E36DD4C79E91184646FBE68D56FC79EDEDED7D8E8B5534848B5B89F93016C242582FE805BD509D3D23F961A4B3B3B3B037642CE2F7E2748992E5B971D69F71CE481CA629D79E91E1F6944C9932E558FAA6FE4684562E84F35B89B1FB5A080B61BDA017F442C597C1CBF38769E6CE9D5B3C2C3356713867DEBC79A5876FEA7FFD1957D33CF9E4930371CE4825AD58B1A2BFA5A5654B1D075FCD9510AEAD9A88CB50BD945E68CC5EA8C6BA211D46BAF27B46C63B8CE48792923D259BEA7E2059BA74E97FC43FFAE79F7F4E2A6DC68C194726EAAEA76A2DDCE31C8E3E8EE398D75F7FFD05B5B69BBABBBB3B397EFC78B272E5CA781F0B978CC710BC61C386117F275EF7EAABAF16BF8FD72F5BB6AC50F1DCC1830787BCFE89279E28FCD9D9F773E6CCB155D8987B486AB6174653B1ECBEF0C20BE77CCDECD9B30B8FDF7FFFFD41CB7D9C8BD0E87B48AA91D971696FFE9C91B11EA639DBE19BFC3925757DE826F68EC47D46E2D2DE6AF8FCF3CF0726EA5E921A1F4806856FAD1D378FA08CC56DDBB66DC995575E995C7DF5D58342F5A69B6E1AF4FA185AB2A1E3ADB7DE2AFCCEEEDDBB0BDF7FFDF5D7852D87781C219CFD4EFC3C7B3EBE7EF2C92785AF6FBFFDB681A4B106929AEE85912A06F358E6A74C9952F87AC9259724D75E7B6D71005FB2644972C515570C1948DE7CF3CDE2E3850B17161FE77BC34052D181646DB6ECC5105809EFBDF75E63EC25893BB0C689ACE3B9BCF77CB5B5B51D89636E0692B284F09698D04BC3B7D642F8A5975E2A84E4D2A54B0B5F6FBCF1C641E11B411A3F4F97C762A0EED8B1A3F8B3FCA0F1D5575F15C236BE9686F373CF3D571C7E5E7BEDB5C2D737DE78A330D444C01B48EA7A209910BD70B6BD1DF92122BE4F37168BDF5F78E185C9238F3C5278BC77EFDEE2C07EDD75D715FB27EB897CDFBCFCF2CB0692310E1AE7BABF4DDC59353B9135F6627CFFFDF7155967C6D5372597045F5E97CD1CB7838F09BB9A162C58F059DC26D74032AEFF9661B7026B3584F3C3C368B6DE861B48F6EFDF5F0CDDECF9FC9F1F3F7BF7DD770B434F7EB08981C41E92BA1E4826542F8C547D7D7D85C39AF94392E9C65BE1F1ADB7DE5A18DE87EB93FC1E928B2FBE3859B3664DE171EC4D39DBE15003C9E806DDB3DDDFE6CCEDE00BAF8B8DA10AAF37F303C9ECBA6CE6F86C9AB81D7C357DF4D147FBD23774B981A4F26A2D84B3432D71C826DB3B72C30D371482B73468E3504B76C826BE1E387060D040923F461EE7994C3A734EC9A4DCB925061226CA40922DAF8B172F2E3E8EFEC80E615E74D145C3BE3EF690648727B76CD932ECB9570692B21C0A1C727F9B339F4D5378BEA7A7A7A2EBCDB8795AEEBF65795D36697C50DEE1C387AB3A901C3972A4377D430F18481A2F8463CF480C1811B0F9508DCF4A3A9F3D24D9619908EF783E4E96CD5E7BCD35D724E9D672712BF3E69B6F2E3EDEB4699381C44052D303492CBFA57B48E270E32DB7DC527C5D2CE771326B7EE02E1D669C4352F68164C8FD6DCE7C505EE1E7E53E99B554DCD135F7DF71A02E9B343EB537FBA0BC6A89BF2F3EE5D040D278219C0D0DB145B77EFDFA2C948A57078C662059B162C5B0571264BBAFF37F963D24D4E340926ED415CFA9CAF6A2940E2459DF945E89662019DF4092DF6392567FF67DB92EF53DDB25C0B9BFFB445D3669FCE37E0D13F55E064278EC75E9A5970E0AD5B87950762866B8601EE9904DFC9BA64F9F5E781C57DE0C773CDD40C2441C484AF71C66C346EC15FCF2CB2FCF790E4936ECC7E338F1350694D261BFD106926A55B5D79B75D9A453A74E3D5DED3D24FDFDFD47EA76C213C2C356B6B72396B5A8CB2EBB2CB9EAAAAB8A5707CC983163C89E8D383935FF7D767E4884730C22B1C53052381B4898880349E9B29B0D24C39D001B352977597B3CCE7A2CBE66037F76658E3BB5966D98299E441D774FB587A48C66CE9C3950ED7348BEFDF6DB3FD4ED3130213CA4E292B5B89F420C117162560C22F9BD22478F1E2D5CDE983F1C73B6901EE9DF3469987B8ED4DAB174038981A41C034954DC976452C989ACD963B78EAFC84032E46A2EE79094D9638F3DB6BBDA57D9AC5EBDFA7FEAF62C6121AC0C247A41D5D34032E2FD6D5C655366CF3FFFFC9BD5BE0FC9DCB97357D4ED75D442581948F482AA8781E49CF7B7711F92327BF4D147FFE1DE7BEFFDA58A776A3DD1DCDCFC75DDDE694E082B03895E500DD10B71A7D6745D76B21A776A6D6D6D3D5DF7776A0D9D9D9D7FACD667D9AC5EBD7A51437C62A110560612BDA0EABE177C964D99DD75D75DB7CF9A35EB6415F6921C6B6E6EDE56D79F5628849581442FA8461A482AFE69BFE97AF374437CDA6FA6A3A3637B7CB47B25C5F92A31DD9DEB332710C24218BDA017268A74BDB63E1B183A3B3BCB7609705CEA3B6BD6AC53F9BD230DB1FE8C63526D6D6DFDBB76EDAAC830B27DFBF665E9DF71389DEE7E231A85B010462FE8857A5A7FA675341B1CE21E30E31D4A621899376F5EFEBC91BE865A7FB6B6B6B6747474FCD8DBDB5BD661E4E0C1831F363737EF77A846080B6103895E50F5D80B4D4D4D93B3135CB33D25633D7C13BF57B2672469C8F5674B4B4B5B7B7B7B5FB9F694C49E911846D2FF590F8B44212C840D247A41D56B2FA483C3B4FC5012E794C489AE7195CC68AFA6891358F3E78C4435F4FA3326BDD6D6D6E31F7CF0C15FC771A2EBB1175F7CF1F7719826FE27894321AC0C247A41D57B2FC4FA33AD63F981220693B84F49DC3C2DF67E648773E2B04CDC81356E7AF6CA2BAF2453A74EFDA5E4EEB07DD69F678E89A5535A774747C7916DDBB6F59FCF7D46D6AC59F35E3AD07C1C27E0386744082B03895E508DD40BB1FECC5F0E3CC6B2FE1CE68DBD2D069369D3A6F5CE9F3FFF8B0F3FFC707F3AD11DCE3E902F3E282F3E9BA6ABABEBBF1F7FFCF195E924B827DEC898EA5C4D23849581442FA846ED85587F9E194C4E9ECF2062FD790E7147BAF48D7DE0CCBDFBF7C6A70D669F3A181FF413F7D68FDBD9BA03AB10560612BDA0F482F5270861218C5ED00B80105642582F28BD000861218C5ED00B80105642582F28BD000861218C5ED00B80105642582F28BD000861218C5ED00B80105642582F28BD000861218C5ED00B80105642582F28BD000861218C5ED00B80105642582F28BD000861218C5ED00B406DE9EEEE167EB55327D2103E69A9D40B4A2F40C3D9B871E3E1DEDE5E01580375E8D0A1FF4C4378A7A5522FE805BD000D67DDBA75B7F4F4F4FCE5BBEFBEEB1784BFDED66004705757D7FEB46EB354EA05BDA017A021A58DFFDB746BE4E3D8451AC76D55D52BDEF79D02582F28BD00000000000000000000000000000000000000D030FE06F097FBE11430926D0000000049454E44AE426082, '1');
INSERT INTO `act_ge_bytearray` VALUES ('7502', '1', 'email.bpmn20.xml', '7501', 0x3C3F786D6C2076657273696F6E3D22312E302220656E636F64696E673D225554462D38223F3E0A3C646566696E6974696F6E7320786D6C6E733D22687474703A2F2F7777772E6F6D672E6F72672F737065632F42504D4E2F32303130303532342F4D4F44454C2220786D6C6E733A7873693D22687474703A2F2F7777772E77332E6F72672F323030312F584D4C536368656D612D696E7374616E63652220786D6C6E733A7873643D22687474703A2F2F7777772E77332E6F72672F323030312F584D4C536368656D612220786D6C6E733A61637469766974693D22687474703A2F2F61637469766974692E6F72672F62706D6E2220786D6C6E733A62706D6E64693D22687474703A2F2F7777772E6F6D672E6F72672F737065632F42504D4E2F32303130303532342F44492220786D6C6E733A6F6D6764633D22687474703A2F2F7777772E6F6D672E6F72672F737065632F44442F32303130303532342F44432220786D6C6E733A6F6D6764693D22687474703A2F2F7777772E6F6D672E6F72672F737065632F44442F32303130303532342F44492220747970654C616E67756167653D22687474703A2F2F7777772E77332E6F72672F323030312F584D4C536368656D61222065787072657373696F6E4C616E67756167653D22687474703A2F2F7777772E77332E6F72672F313939392F585061746822207461726765744E616D6573706163653D22687474703A2F2F7777772E61637469766974692E6F72672F70726F63657373646566223E0A20203C70726F636573732069643D2270726F636573732220697345786563757461626C653D2274727565223E0A202020203C73746172744576656E742069643D227369642D42374431433145302D374144412D344435392D384445352D33353742303534354242413022206E616D653D227374617274223E3C2F73746172744576656E743E0A202020203C757365725461736B2069643D227369642D37393636363437452D433444462D343832452D383046432D46443736393038333938454422206E616D653D22E58F91E982AEE4BBB6223E3C2F757365725461736B3E0A202020203C73657175656E6365466C6F772069643D227369642D30343234363435382D373143392D343646312D423738302D3036304338323936443134382220736F757263655265663D227369642D42374431433145302D374144412D344435392D384445352D33353742303534354242413022207461726765745265663D227369642D37393636363437452D433444462D343832452D383046432D464437363930383339384544223E3C2F73657175656E6365466C6F773E0A202020203C757365725461736B2069643D227369642D46303442444433452D334144302D344443362D383445422D41344538364634393345443222206E616D653D22E5AEA1E689B9222061637469766974693A63616E64696461746547726F7570733D2274657374223E3C2F757365725461736B3E0A202020203C73657175656E6365466C6F772069643D227369642D39364439444545302D363032312D344630382D393230362D4333384336303343303834392220736F757263655265663D227369642D37393636363437452D433444462D343832452D383046432D46443736393038333938454422207461726765745265663D227369642D46303442444433452D334144302D344443362D383445422D413445383646343933454432223E3C2F73657175656E6365466C6F773E0A202020203C656E644576656E742069643D227369642D39444439444244412D314536372D344143382D393141372D42334234444236363532413422206E616D653D22656E64223E3C2F656E644576656E743E0A202020203C73657175656E6365466C6F772069643D227369642D36453632344237412D303336392D343836322D383045302D3133334631463332453945382220736F757263655265663D227369642D46303442444433452D334144302D344443362D383445422D41344538364634393345443222207461726765745265663D227369642D39444439444244412D314536372D344143382D393141372D423342344442363635324134223E3C2F73657175656E6365466C6F773E0A20203C2F70726F636573733E0A20203C62706D6E64693A42504D4E4469616772616D2069643D2242504D4E4469616772616D5F70726F63657373223E0A202020203C62706D6E64693A42504D4E506C616E652062706D6E456C656D656E743D2270726F63657373222069643D2242504D4E506C616E655F70726F63657373223E0A2020202020203C62706D6E64693A42504D4E53686170652062706D6E456C656D656E743D227369642D42374431433145302D374144412D344435392D384445352D333537423035343542424130222069643D2242504D4E53686170655F7369642D42374431433145302D374144412D344435392D384445352D333537423035343542424130223E0A20202020202020203C6F6D6764633A426F756E6473206865696768743D2233302E30222077696474683D2233302E302220783D2234352E302220793D223439382E30223E3C2F6F6D6764633A426F756E64733E0A2020202020203C2F62706D6E64693A42504D4E53686170653E0A2020202020203C62706D6E64693A42504D4E53686170652062706D6E456C656D656E743D227369642D37393636363437452D433444462D343832452D383046432D464437363930383339384544222069643D2242504D4E53686170655F7369642D37393636363437452D433444462D343832452D383046432D464437363930383339384544223E0A20202020202020203C6F6D6764633A426F756E6473206865696768743D2238302E30222077696474683D223130302E302220783D223136352E302220793D223436352E30223E3C2F6F6D6764633A426F756E64733E0A2020202020203C2F62706D6E64693A42504D4E53686170653E0A2020202020203C62706D6E64693A42504D4E53686170652062706D6E456C656D656E743D227369642D46303442444433452D334144302D344443362D383445422D413445383646343933454432222069643D2242504D4E53686170655F7369642D46303442444433452D334144302D344443362D383445422D413445383646343933454432223E0A20202020202020203C6F6D6764633A426F756E6473206865696768743D2238302E30222077696474683D223130302E302220783D223336302E302220793D223436352E30223E3C2F6F6D6764633A426F756E64733E0A2020202020203C2F62706D6E64693A42504D4E53686170653E0A2020202020203C62706D6E64693A42504D4E53686170652062706D6E456C656D656E743D227369642D39444439444244412D314536372D344143382D393141372D423342344442363635324134222069643D2242504D4E53686170655F7369642D39444439444244412D314536372D344143382D393141372D423342344442363635324134223E0A20202020202020203C6F6D6764633A426F756E6473206865696768743D2232382E30222077696474683D2232382E302220783D223531302E302220793D223439392E30223E3C2F6F6D6764633A426F756E64733E0A2020202020203C2F62706D6E64693A42504D4E53686170653E0A2020202020203C62706D6E64693A42504D4E456467652062706D6E456C656D656E743D227369642D39364439444545302D363032312D344630382D393230362D433338433630334330383439222069643D2242504D4E456467655F7369642D39364439444545302D363032312D344630382D393230362D433338433630334330383439223E0A20202020202020203C6F6D6764693A776179706F696E7420783D223236352E302220793D223530352E30223E3C2F6F6D6764693A776179706F696E743E0A20202020202020203C6F6D6764693A776179706F696E7420783D223336302E302220793D223530352E30223E3C2F6F6D6764693A776179706F696E743E0A2020202020203C2F62706D6E64693A42504D4E456467653E0A2020202020203C62706D6E64693A42504D4E456467652062706D6E456C656D656E743D227369642D30343234363435382D373143392D343646312D423738302D303630433832393644313438222069643D2242504D4E456467655F7369642D30343234363435382D373143392D343646312D423738302D303630433832393644313438223E0A20202020202020203C6F6D6764693A776179706F696E7420783D2237352E302220793D223531332E30223E3C2F6F6D6764693A776179706F696E743E0A20202020202020203C6F6D6764693A776179706F696E7420783D223132302E302220793D223531332E30223E3C2F6F6D6764693A776179706F696E743E0A20202020202020203C6F6D6764693A776179706F696E7420783D223132302E302220793D223530352E30223E3C2F6F6D6764693A776179706F696E743E0A20202020202020203C6F6D6764693A776179706F696E7420783D223136352E302220793D223530352E30223E3C2F6F6D6764693A776179706F696E743E0A2020202020203C2F62706D6E64693A42504D4E456467653E0A2020202020203C62706D6E64693A42504D4E456467652062706D6E456C656D656E743D227369642D36453632344237412D303336392D343836322D383045302D313333463146333245394538222069643D2242504D4E456467655F7369642D36453632344237412D303336392D343836322D383045302D313333463146333245394538223E0A20202020202020203C6F6D6764693A776179706F696E7420783D223436302E302220793D223530352E30223E3C2F6F6D6764693A776179706F696E743E0A20202020202020203C6F6D6764693A776179706F696E7420783D223438352E302220793D223530352E30223E3C2F6F6D6764693A776179706F696E743E0A20202020202020203C6F6D6764693A776179706F696E7420783D223438352E302220793D223531332E30223E3C2F6F6D6764693A776179706F696E743E0A20202020202020203C6F6D6764693A776179706F696E7420783D223531302E302220793D223531332E30223E3C2F6F6D6764693A776179706F696E743E0A2020202020203C2F62706D6E64693A42504D4E456467653E0A202020203C2F62706D6E64693A42504D4E506C616E653E0A20203C2F62706D6E64693A42504D4E4469616772616D3E0A3C2F646566696E6974696F6E733E, '0');
INSERT INTO `act_ge_bytearray` VALUES ('7503', '1', 'email.process.png', '7501', 0x89504E470D0A1A0A0000000D49484452000002240000022B0806000000DFA582A5000011C94944415478DAEDDD6D6C54859A07703E68B2DFFC684CD6A85993BDF1BBC926AEC69818BF5CE39A688A6D055249ABACF85230D145836F447C0BBEACB9D118AF1256D710822CCBF2D6420111B22A5116C50B575E0404CBF572B1D7620539F73CB39CC9E9B485D2CE8CD399DF2F79D269670A329EE77F9EF33A9326010000000000000000000000000000000000000000000000000000000000000000000000000000000000000000000000000000000000000000000000000000000000000000000000000000000000000000000000000000000000000000000000000000000000000000000000000000000000000000000000000000000000000000000000000000000000000000000000000000000000000000000000000000000000000000000000000000000000000000000000000000000000000000000000000000000000000000000000000000000000000000000000000000000000000000000000000000000000000000000000000000000000000000000000000000000000000000000000000000000000000000000000000000000000000000000000000000000000000000000000000000000000000000000000000000000000000000000000000000000000000000000000000000000000000000000000000000000000000000000000000000000000000000000000000000000000000000000000000000000000000000000000000000000000000000000000000000000000000000000000000000000000000000000000000000000000000000000000000000000000000000000000000000000000000000000000000000000000000000000000000000000000000000000000000000000000000000000000000000000000000000000000000000000000000000000000000000000000000000000000000000000000000000000000000000000000000000000000000000000000000000000000000000000000000000000000000000000000000000000000000000000000000000000000000000000000000000000000000000000000000000000000000000000000000000000000000000000000000000000000000000000000000000000000000000000000000000000000000000000000000000000000000000000000000000000000000000000000000000000000000000000000000000000000000000000000000000000000000000000000000000000000000000000000000000000000000000000000000000000000000000000000000000000000000000000000000000000000000000000000000000000000000000000000000000000000000000000000000000000000000000000000000000000000000000000000000000000000000000000000000000000000000000000000000000000000000000000000000000000000000000000000000000000000000000000000000000000000000000000000000000000000000000000000000000000000000000000000000000000000000000000000000000000000000000000000000000000000000000000083254972C19E3D7B166FDDBAF597EEEEEE64EDDAB5AACAD5D5D5956CDCB8F14F69B55A22F5825ED00BD0902280376DDA94F4F6F626030303EA57AAA3478F261B366C389E06F26D964ABDA017F402349CD81A14C03513C403E956E24E4BA55ED00B7A011A4EEC9A1680B55369089FB454EA05A517A0E1C4715BE15753219C582AF582D20B208447A8BFFEE570B2E7E3DF275F743D59A8781C3F139C42582FE805BD00542584FB8E1D4A76AC7E2CF97CC543832A7E16CF094F21AC17F4825E002A1EC207BEF8AF21019CD5C12F960B4F21AC17F4825E002A1FC23BD73F3B6208C773C25308EB05BDA017808A87F08EB58F8F18C2F19CF014C27A412FE80540080B61F4825E00EA3F84E34A829142389E139E42582FE805BD00543C84776FFEF71143389E139E42582FE805BD00543C84BF3FB43DD9B166EED05DD4E9CFE239E12984F5825ED00B40C543386AEF270B878470FC4C700A61BDA017F402509D10FEE9A764F747BF1BBA8B3AFD593C273C85B05ED00B7A01A86808C7DD27776D7E75C4E3E6F19C3B540A61BDA017F4025099104EB7F60EEF5E97FCDFAA7F1B3180B38AD7C46B6D210A61BDA017F40250B6103ED796A02D4421AC17F4825E002A1EC2A3D9123CDB16A23015C27A412FE80560DC213CD600CE4A980A61BDA017F40230EE105642582F28BD000861218C5ED00B7A0184B012C27A41E90540080B61F4825ED00B20849510D60B4A2F00425808A317F4825E0021AC84B05E507A0110C24218BDA017F40208612584F582D20B801016C2E805BDA01740082B21AC17945E0084B010462FE805BDC0582449F277DBB76FEF78E79D7736CC9F3FFFF87DF7DD7772DAB469C9E4C99393D6D6D6D3F7DC73CFC09C3973F63CFBECB38BD2FA47EF98105642582F28BDF0FF5A5A5AFEBEA9A9E9DE749DB938ADDD69F5C5FA33AD1369ED4D9F5B9A7E9D1DAFD3A9671944962C59B2F0A9A79E3AF9C0030F24AFBFFE7AB275EBD6E4D0A143C989132792105F7B7B7B934F3FFD34490796E4FEFBEF3FFDE0830FEE6B6F6F9FEE1D14C2CA40A21754A3F6C21D77DCF12F69AD4D6BE0CC00329A5A9FBEBE55C7E6A48347DBD34F3FFDD3430F3D5418364E9D3A958CD6679F7D963CFCF0C3A73A3A3A76DE7EFBED577A372BB2A0C742FECF425808EB05BDA0176A4B3A545C9E2E93ABCE630819AE3635FCFA339D272E58B66CD9BABBEFBE3B59BE7CF9790D22A556AD5A95B4B5B5F5DB5B529105BEB0D04618373535FD931016C27A412FE8855F5FBA0C4E6E6E6EFE737EB8686969499E79E69964DDBA75C937DF7C93FCF0C30F8575E48F3FFE5838E2B079F3E664C18205C99D77DE593A94F435ECDE9218467A7A7AFE77E6CC99C9AE5DBB9272D8B76F5F920E37FDD3A74FFF57D159FE10CED5CAE1B61285B010D60B7A412F546D18F96DBAEC9DCA0F228B162D2A9CD6301AC78E1D2BBC3E7E2FBF4CA77F66E36DD4C79E91184646FBE68D56FC79EDEDED7D8E8B5534848B5B89F93016C242582FE805BD509D3D23F961A4B3B3B3B037642CE2F7E2748992E5B971D69F71CE481CA629D79E91E1F6944C9932E558FAA6FE4684562E84F35B89B1FB5A080B61BDA017F442C597C1CBF38769E6CE9D5B3C2C3356713867DEBC79A5876FEA7FFD1957D33CF9E4930371CE4825AD58B1A2BFA5A5654B1D075FCD9510AEAD9A88CB50BD945E68CC5EA8C6BA211D46BAF27B46C63B8CE48792923D259BEA7E2059BA74E97FC43FFAE79F7F4E2A6DC68C194726EAAEA76A2DDCE31C8E3E8EE398D75F7FFD05B5B69BBABBBB3B397EFC78B272E5CA781F0B978CC710BC61C386117F275EF7EAABAF16BF8FD72F5BB6AC50F1DCC1830787BCFE89279E28FCD9D9F773E6CCB155D8987B486AB6174653B1ECBEF0C20BE77CCDECD9B30B8FDF7FFFFD41CB7D9C8BD0E87B48AA91D971696FFE9C91B11EA639DBE19BFC3925757DE826F68EC47D46E2D2DE6AF8FCF3CF0726EA5E921A1F4806856FAD1D378FA08CC56DDBB66DC995575E995C7DF5D58342F5A69B6E1AF4FA185AB2A1E3ADB7DE2AFCCEEEDDBB0BDF7FFDF5D7852D87781C219CFD4EFC3C7B3EBE7EF2C92785AF6FBFFDB681A4B106929AEE85912A06F358E6A74C9952F87AC9259724D75E7B6D71005FB2644972C515570C1948DE7CF3CDE2E3850B17161FE77BC34052D181646DB6ECC5105809EFBDF75E63EC25893BB0C689ACE3B9BCF77CB5B5B51D89636E0692B284F09698D04BC3B7D642F8A5975E2A84E4D2A54B0B5F6FBCF1C641E11B411A3F4F97C762A0EED8B1A3F8B3FCA0F1D5575F15C236BE9686F373CF3D571C7E5E7BEDB5C2D737DE78A330D444C01B48EA7A209910BD70B6BD1DF92122BE4F37168BDF5F78E185C9238F3C5278BC77EFDEE2C07EDD75D715FB27EB897CDFBCFCF2CB0692310E1AE7BABF4DDC59353B9135F6627CFFFDF7155967C6D5372597045F5E97CD1CB7838F09BB9A162C58F059DC26D74032AEFF9661B7026B3584F3C3C368B6DE861B48F6EFDF5F0CDDECF9FC9F1F3F7BF7DD770B434F7EB08981C41E92BA1E4826542F8C547D7D7D85C39AF94392E9C65BE1F1ADB7DE5A18DE87EB93FC1E928B2FBE3859B3664DE171EC4D39DBE15003C9E806DDB3DDDFE6CCEDE00BAF8B8DA10AAF37F303C9ECBA6CE6F86C9AB81D7C357DF4D147FBD23774B981A4F26A2D84B3432D71C826DB3B72C30D371482B73468E3504B76C826BE1E387060D040923F461EE7994C3A734EC9A4DCB925061226CA40922DAF8B172F2E3E8EFEC80E615E74D145C3BE3EF690648727B76CD932ECB9570692B21C0A1C727F9B339F4D5378BEA7A7A7A2EBCDB8795AEEBF65795D36697C50DEE1C387AB3A901C3972A4377D430F18481A2F8463CF480C1811B0F9508DCF4A3A9F3D24D9619908EF783E4E96CD5E7BCD35D724E9D672712BF3E69B6F2E3EDEB4699381C44052D303492CBFA57B48E270E32DB7DC527C5D2CE771326B7EE02E1D669C4352F68164C8FD6DCE7C505EE1E7E53E99B554DCD135F7DF71A02E9B343EB537FBA0BC6A89BF2F3EE5D040D278219C0D0DB145B77EFDFA2C948A57078C662059B162C5B0571264BBAFF37F963D24D4E340926ED415CFA9CAF6A2940E2459DF945E89662019DF4092DF6392567FF67DB92EF53DDB25C0B9BFFB445D3669FCE37E0D13F55E064278EC75E9A5970E0AD5B87950762866B8601EE9904DFC9BA64F9F5E781C57DE0C773CDD40C2441C484AF71C66C346EC15FCF2CB2FCF790E4936ECC7E338F1350694D261BFD106926A55B5D79B75D9A453A74E3D5DED3D24FDFDFD47EA76C213C2C356B6B72396B5A8CB2EBB2CB9EAAAAB8A5707CC983163C89E8D383935FF7D767E4884730C22B1C53052381B4898880349E9B29B0D24C39D001B352977597B3CCE7A2CBE66037F76658E3BB5966D98299E441D774FB587A48C66CE9C3950ED7348BEFDF6DB3FD4ED3130213CA4E292B5B89F420C117162560C22F9BD22478F1E2D5CDE983F1C73B6901EE9DF3469987B8ED4DAB174038981A41C034954DC976452C989ACD963B78EAFC84032E46A2EE79094D9638F3DB6BBDA57D9AC5EBDFA7FEAF62C6121AC0C247A41D5D34032E2FD6D5C655366CF3FFFFC9BD5BE0FC9DCB97357D4ED75D442581948F482AA8781E49CF7B7711F92327BF4D147FFE1DE7BEFFDA58A776A3DD1DCDCFC75DDDE694E082B03895E500DD10B71A7D6745D76B21A776A6D6D6D3D5DF7776A0D9D9D9D7FACD667D9AC5EBD7A51437C62A110560612BDA0EABE177C964D99DD75D75DB7CF9A35EB6415F6921C6B6E6EDE56D79F5628849581442FA8461A482AFE69BFE97AF374437CDA6FA6A3A3637B7CB47B25C5F92A31DD9DEB332710C24218BDA017268A74BDB63E1B183A3B3BCB7609705CEA3B6BD6AC53F9BD230DB1FE8C63526D6D6DFDBB76EDAAC830B27DFBF665E9DF71389DEE7E231A85B010462FE8857A5A7FA675341B1CE21E30E31D4A621899376F5EFEBC91BE865A7FB6B6B6B6747474FCD8DBDB5BD661E4E0C1831F363737EF77A846080B6103895E50F5D80B4D4D4D93B3135CB33D25633D7C13BF57B2672469C8F5674B4B4B5B7B7B7B5FB9F694C49E911846D2FF590F8B44212C840D247A41D56B2FA483C3B4FC5012E794C489AE7195CC68AFA6891358F3E78C4435F4FA3326BDD6D6D6E31F7CF0C15FC771A2EBB1175F7CF1F7719826FE27894321AC0C247A41D57B2FC4FA33AD63F981220693B84F49DC3C2DF67E648773E2B04CDC81356E7AF6CA2BAF2453A74EFDA5E4EEB07DD69F678E89A5535A774747C7916DDBB6F59FCF7D46D6AC59F35E3AD07C1C27E0386744082B03895E508DD40BB1FECC5F0E3CC6B2FE1CE68DBD2D069369D3A6F5CE9F3FFF8B0F3FFC707F3AD11DCE3E902F3E282F3E9BA6ABABEBBF1F7FFCF195E924B827DEC898EA5C4D23849581442FA846ED85587F9E194C4E9ECF2062FD790E7147BAF48D7DE0CCBDFBF7C6A70D669F3A181FF413F7D68FDBD9BA03AB10560612BDA0F482F5270861218C5ED00B80105642582F28BD000861218C5ED00B80105642582F28BD000861218C5ED00B80105642582F28BD000861218C5ED00B80105642582F28BD000861218C5ED00B80105642582F28BD000861218C5ED00B80105642582F28BD000861218C5ED00B406DE9EEEE167EB55327D2103E69A9D40B4A2F40C3D9B871E3E1DEDE5E01580375E8D0A1FF4C4378A7A5522FE805BD000D67DDBA75B7F4F4F4FCE5BBEFBEEB1784BFDED66004705757D7FEB46EB354EA05BDA017A021A58DFFDB746BE4E3D8451AC76D55D52BDEF79D02582F28BD00000000000000000000000000000000000000D030FE06F097FBE11430926D0000000049454E44AE426082, '1');
INSERT INTO `act_ge_bytearray` VALUES ('7506', '1', 'email.bpmn20.xml', '7505', 0x3C3F786D6C2076657273696F6E3D22312E302220656E636F64696E673D225554462D38223F3E0A3C646566696E6974696F6E7320786D6C6E733D22687474703A2F2F7777772E6F6D672E6F72672F737065632F42504D4E2F32303130303532342F4D4F44454C2220786D6C6E733A7873693D22687474703A2F2F7777772E77332E6F72672F323030312F584D4C536368656D612D696E7374616E63652220786D6C6E733A7873643D22687474703A2F2F7777772E77332E6F72672F323030312F584D4C536368656D612220786D6C6E733A61637469766974693D22687474703A2F2F61637469766974692E6F72672F62706D6E2220786D6C6E733A62706D6E64693D22687474703A2F2F7777772E6F6D672E6F72672F737065632F42504D4E2F32303130303532342F44492220786D6C6E733A6F6D6764633D22687474703A2F2F7777772E6F6D672E6F72672F737065632F44442F32303130303532342F44432220786D6C6E733A6F6D6764693D22687474703A2F2F7777772E6F6D672E6F72672F737065632F44442F32303130303532342F44492220747970654C616E67756167653D22687474703A2F2F7777772E77332E6F72672F323030312F584D4C536368656D61222065787072657373696F6E4C616E67756167653D22687474703A2F2F7777772E77332E6F72672F313939392F585061746822207461726765744E616D6573706163653D22687474703A2F2F7777772E61637469766974692E6F72672F70726F63657373646566223E0A20203C70726F636573732069643D2270726F636573732220697345786563757461626C653D2274727565223E0A202020203C73746172744576656E742069643D227369642D42374431433145302D374144412D344435392D384445352D33353742303534354242413022206E616D653D227374617274223E3C2F73746172744576656E743E0A202020203C757365725461736B2069643D227369642D37393636363437452D433444462D343832452D383046432D46443736393038333938454422206E616D653D22E58F91E982AEE4BBB6223E3C2F757365725461736B3E0A202020203C73657175656E6365466C6F772069643D227369642D30343234363435382D373143392D343646312D423738302D3036304338323936443134382220736F757263655265663D227369642D42374431433145302D374144412D344435392D384445352D33353742303534354242413022207461726765745265663D227369642D37393636363437452D433444462D343832452D383046432D464437363930383339384544223E3C2F73657175656E6365466C6F773E0A202020203C757365725461736B2069643D227369642D46303442444433452D334144302D344443362D383445422D41344538364634393345443222206E616D653D22E5AEA1E689B9222061637469766974693A63616E64696461746547726F7570733D2274657374223E3C2F757365725461736B3E0A202020203C73657175656E6365466C6F772069643D227369642D39364439444545302D363032312D344630382D393230362D4333384336303343303834392220736F757263655265663D227369642D37393636363437452D433444462D343832452D383046432D46443736393038333938454422207461726765745265663D227369642D46303442444433452D334144302D344443362D383445422D413445383646343933454432223E3C2F73657175656E6365466C6F773E0A202020203C656E644576656E742069643D227369642D39444439444244412D314536372D344143382D393141372D42334234444236363532413422206E616D653D22656E64223E3C2F656E644576656E743E0A202020203C73657175656E6365466C6F772069643D227369642D36453632344237412D303336392D343836322D383045302D3133334631463332453945382220736F757263655265663D227369642D46303442444433452D334144302D344443362D383445422D41344538364634393345443222207461726765745265663D227369642D39444439444244412D314536372D344143382D393141372D423342344442363635324134223E3C2F73657175656E6365466C6F773E0A20203C2F70726F636573733E0A20203C62706D6E64693A42504D4E4469616772616D2069643D2242504D4E4469616772616D5F70726F63657373223E0A202020203C62706D6E64693A42504D4E506C616E652062706D6E456C656D656E743D2270726F63657373222069643D2242504D4E506C616E655F70726F63657373223E0A2020202020203C62706D6E64693A42504D4E53686170652062706D6E456C656D656E743D227369642D42374431433145302D374144412D344435392D384445352D333537423035343542424130222069643D2242504D4E53686170655F7369642D42374431433145302D374144412D344435392D384445352D333537423035343542424130223E0A20202020202020203C6F6D6764633A426F756E6473206865696768743D2233302E30222077696474683D2233302E302220783D2234352E302220793D223439382E30223E3C2F6F6D6764633A426F756E64733E0A2020202020203C2F62706D6E64693A42504D4E53686170653E0A2020202020203C62706D6E64693A42504D4E53686170652062706D6E456C656D656E743D227369642D37393636363437452D433444462D343832452D383046432D464437363930383339384544222069643D2242504D4E53686170655F7369642D37393636363437452D433444462D343832452D383046432D464437363930383339384544223E0A20202020202020203C6F6D6764633A426F756E6473206865696768743D2238302E30222077696474683D223130302E302220783D223136352E302220793D223436352E30223E3C2F6F6D6764633A426F756E64733E0A2020202020203C2F62706D6E64693A42504D4E53686170653E0A2020202020203C62706D6E64693A42504D4E53686170652062706D6E456C656D656E743D227369642D46303442444433452D334144302D344443362D383445422D413445383646343933454432222069643D2242504D4E53686170655F7369642D46303442444433452D334144302D344443362D383445422D413445383646343933454432223E0A20202020202020203C6F6D6764633A426F756E6473206865696768743D2238302E30222077696474683D223130302E302220783D223336302E302220793D223436352E30223E3C2F6F6D6764633A426F756E64733E0A2020202020203C2F62706D6E64693A42504D4E53686170653E0A2020202020203C62706D6E64693A42504D4E53686170652062706D6E456C656D656E743D227369642D39444439444244412D314536372D344143382D393141372D423342344442363635324134222069643D2242504D4E53686170655F7369642D39444439444244412D314536372D344143382D393141372D423342344442363635324134223E0A20202020202020203C6F6D6764633A426F756E6473206865696768743D2232382E30222077696474683D2232382E302220783D223531302E302220793D223439392E30223E3C2F6F6D6764633A426F756E64733E0A2020202020203C2F62706D6E64693A42504D4E53686170653E0A2020202020203C62706D6E64693A42504D4E456467652062706D6E456C656D656E743D227369642D39364439444545302D363032312D344630382D393230362D433338433630334330383439222069643D2242504D4E456467655F7369642D39364439444545302D363032312D344630382D393230362D433338433630334330383439223E0A20202020202020203C6F6D6764693A776179706F696E7420783D223236352E302220793D223530352E30223E3C2F6F6D6764693A776179706F696E743E0A20202020202020203C6F6D6764693A776179706F696E7420783D223336302E302220793D223530352E30223E3C2F6F6D6764693A776179706F696E743E0A2020202020203C2F62706D6E64693A42504D4E456467653E0A2020202020203C62706D6E64693A42504D4E456467652062706D6E456C656D656E743D227369642D30343234363435382D373143392D343646312D423738302D303630433832393644313438222069643D2242504D4E456467655F7369642D30343234363435382D373143392D343646312D423738302D303630433832393644313438223E0A20202020202020203C6F6D6764693A776179706F696E7420783D2237352E302220793D223531332E30223E3C2F6F6D6764693A776179706F696E743E0A20202020202020203C6F6D6764693A776179706F696E7420783D223132302E302220793D223531332E30223E3C2F6F6D6764693A776179706F696E743E0A20202020202020203C6F6D6764693A776179706F696E7420783D223132302E302220793D223530352E30223E3C2F6F6D6764693A776179706F696E743E0A20202020202020203C6F6D6764693A776179706F696E7420783D223136352E302220793D223530352E30223E3C2F6F6D6764693A776179706F696E743E0A2020202020203C2F62706D6E64693A42504D4E456467653E0A2020202020203C62706D6E64693A42504D4E456467652062706D6E456C656D656E743D227369642D36453632344237412D303336392D343836322D383045302D313333463146333245394538222069643D2242504D4E456467655F7369642D36453632344237412D303336392D343836322D383045302D313333463146333245394538223E0A20202020202020203C6F6D6764693A776179706F696E7420783D223436302E302220793D223530352E30223E3C2F6F6D6764693A776179706F696E743E0A20202020202020203C6F6D6764693A776179706F696E7420783D223438352E302220793D223530352E30223E3C2F6F6D6764693A776179706F696E743E0A20202020202020203C6F6D6764693A776179706F696E7420783D223438352E302220793D223531332E30223E3C2F6F6D6764693A776179706F696E743E0A20202020202020203C6F6D6764693A776179706F696E7420783D223531302E302220793D223531332E30223E3C2F6F6D6764693A776179706F696E743E0A2020202020203C2F62706D6E64693A42504D4E456467653E0A202020203C2F62706D6E64693A42504D4E506C616E653E0A20203C2F62706D6E64693A42504D4E4469616772616D3E0A3C2F646566696E6974696F6E733E, '0');
INSERT INTO `act_ge_bytearray` VALUES ('7507', '1', 'email.process.png', '7505', 0x89504E470D0A1A0A0000000D49484452000002240000022B0806000000DFA582A5000011C94944415478DAEDDD6D6C54859A07703E68B2DFFC684CD6A85993BDF1BBC926AEC69818BF5CE39A688A6D055249ABACF85230D145836F447C0BBEACB9D118AF1256D710822CCBF2D6420111B22A5116C50B575E0404CBF572B1D7620539F73CB39CC9E9B485D2CE8CD399DF2F79D269670A329EE77F9EF33A9326010000000000000000000000000000000000000000000000000000000000000000000000000000000000000000000000000000000000000000000000000000000000000000000000000000000000000000000000000000000000000000000000000000000000000000000000000000000000000000000000000000000000000000000000000000000000000000000000000000000000000000000000000000000000000000000000000000000000000000000000000000000000000000000000000000000000000000000000000000000000000000000000000000000000000000000000000000000000000000000000000000000000000000000000000000000000000000000000000000000000000000000000000000000000000000000000000000000000000000000000000000000000000000000000000000000000000000000000000000000000000000000000000000000000000000000000000000000000000000000000000000000000000000000000000000000000000000000000000000000000000000000000000000000000000000000000000000000000000000000000000000000000000000000000000000000000000000000000000000000000000000000000000000000000000000000000000000000000000000000000000000000000000000000000000000000000000000000000000000000000000000000000000000000000000000000000000000000000000000000000000000000000000000000000000000000000000000000000000000000000000000000000000000000000000000000000000000000000000000000000000000000000000000000000000000000000000000000000000000000000000000000000000000000000000000000000000000000000000000000000000000000000000000000000000000000000000000000000000000000000000000000000000000000000000000000000000000000000000000000000000000000000000000000000000000000000000000000000000000000000000000000000000000000000000000000000000000000000000000000000000000000000000000000000000000000000000000000000000000000000000000000000000000000000000000000000000000000000000000000000000000000000000000000000000000000000000000000000000000000000000000000000000000000000000000000000000000000000000000000000000000000000000000000000000000000000000000000000000000000000000000000000000000000000000000000000000000000000000000000000000000000000000000000000000000000000000000000000000000000083254972C19E3D7B166FDDBAF597EEEEEE64EDDAB5AACAD5D5D5956CDCB8F14F69B55A22F5825ED00BD0902280376DDA94F4F6F626030303EA57AAA3478F261B366C389E06F26D964ABDA017F402349CD81A14C03513C403E956E24E4BA55ED00B7A011A4EEC9A1680B55369089FB454EA05A517A0E1C4715BE15753219C582AF582D20B208447A8BFFEE570B2E7E3DF275F743D59A8781C3F139C42582FE805BD00542584FB8E1D4A76AC7E2CF97CC543832A7E16CF094F21AC17F4825E002A1EC207BEF8AF21019CD5C12F960B4F21AC17F4825E002A1FC23BD73F3B6208C773C25308EB05BDA017808A87F08EB58F8F18C2F19CF014C27A412FE80540080B61F4825E00EA3F84E34A829142389E139E42582FE805BD00543C84776FFEF71143389E139E42582FE805BD00543C84BF3FB43DD9B166EED05DD4E9CFE239E12984F5825ED00B40C543386AEF270B878470FC4C700A61BDA017F402509D10FEE9A764F747BF1BBA8B3AFD593C273C85B05ED00B7A01A86808C7DD27776D7E75C4E3E6F19C3B540A61BDA017F4025099104EB7F60EEF5E97FCDFAA7F1B3180B38AD7C46B6D210A61BDA017F40250B6103ED796A02D4421AC17F4825E002A1EC2A3D9123CDB16A23015C27A412FE80560DC213CD600CE4A980A61BDA017F40230EE105642582F28BD000861218C5ED00B7A0184B012C27A41E90540080B61F4825ED00B20849510D60B4A2F00425808A317F4825E0021AC84B05E507A0110C24218BDA017F40208612584F582D20B801016C2E805BDA01740082B21AC17945E0084B010462FE805BDC0582449F277DBB76FEF78E79D7736CC9F3FFFF87DF7DD7772DAB469C9E4C99393D6D6D6D3F7DC73CFC09C3973F63CFBECB38BD2FA47EF98105642582F28BDF0FF5A5A5AFEBEA9A9E9DE749DB938ADDD69F5C5FA33AD1369ED4D9F5B9A7E9D1DAFD3A9671944962C59B2F0A9A79E3AF9C0030F24AFBFFE7AB275EBD6E4D0A143C989132792105F7B7B7B934F3FFD34490796E4FEFBEF3FFDE0830FEE6B6F6F9FEE1D14C2CA40A21754A3F6C21D77DCF12F69AD4D6BE0CC00329A5A9FBEBE55C7E6A48347DBD34F3FFDD3430F3D5418364E9D3A958CD6679F7D963CFCF0C3A73A3A3A76DE7EFBED577A372BB2A0C742FECF425808EB05BDA0176A4B3A545C9E2E93ABCE630819AE3635FCFA339D272E58B66CD9BABBEFBE3B59BE7CF9790D22A556AD5A95B4B5B5F5DB5B529105BEB0D04618373535FD931016C27A412FE8855F5FBA0C4E6E6E6EFE737EB8686969499E79E69964DDBA75C937DF7C93FCF0C30F8575E48F3FFE5838E2B079F3E664C18205C99D77DE593A94F435ECDE9218467A7A7AFE77E6CC99C9AE5DBB9272D8B76F5F920E37FDD3A74FFF57D159FE10CED5CAE1B61285B010D60B7A412F546D18F96DBAEC9DCA0F228B162D2A9CD6301AC78E1D2BBC3E7E2FBF4CA77F66E36DD4C79E91184646FBE68D56FC79EDEDED7D8E8B5534848B5B89F93016C242582FE805BD509D3D23F961A4B3B3B3B037642CE2F7E2748992E5B971D69F71CE481CA629D79E91E1F6944C9932E558FAA6FE4684562E84F35B89B1FB5A080B61BDA017F442C597C1CBF38769E6CE9D5B3C2C3356713867DEBC79A5876FEA7FFD1957D33CF9E4930371CE4825AD58B1A2BFA5A5654B1D075FCD9510AEAD9A88CB50BD945E68CC5EA8C6BA211D46BAF27B46C63B8CE48792923D259BEA7E2059BA74E97FC43FFAE79F7F4E2A6DC68C194726EAAEA76A2DDCE31C8E3E8EE398D75F7FFD05B5B69BBABBBB3B397EFC78B272E5CA781F0B978CC710BC61C386117F275EF7EAABAF16BF8FD72F5BB6AC50F1DCC1830787BCFE89279E28FCD9D9F773E6CCB155D8987B486AB6174653B1ECBEF0C20BE77CCDECD9B30B8FDF7FFFFD41CB7D9C8BD0E87B48AA91D971696FFE9C91B11EA639DBE19BFC3925757DE826F68EC47D46E2D2DE6AF8FCF3CF0726EA5E921A1F4806856FAD1D378FA08CC56DDBB66DC995575E995C7DF5D58342F5A69B6E1AF4FA185AB2A1E3ADB7DE2AFCCEEEDDBB0BDF7FFDF5D7852D87781C219CFD4EFC3C7B3EBE7EF2C92785AF6FBFFDB681A4B106929AEE85912A06F358E6A74C9952F87AC9259724D75E7B6D71005FB2644972C515570C1948DE7CF3CDE2E3850B17161FE77BC34052D181646DB6ECC5105809EFBDF75E63EC25893BB0C689ACE3B9BCF77CB5B5B51D89636E0692B284F09698D04BC3B7D642F8A5975E2A84E4D2A54B0B5F6FBCF1C641E11B411A3F4F97C762A0EED8B1A3F8B3FCA0F1D5575F15C236BE9686F373CF3D571C7E5E7BEDB5C2D737DE78A330D444C01B48EA7A209910BD70B6BD1DF92122BE4F37168BDF5F78E185C9238F3C5278BC77EFDEE2C07EDD75D715FB27EB897CDFBCFCF2CB0692310E1AE7BABF4DDC59353B9135F6627CFFFDF7155967C6D5372597045F5E97CD1CB7838F09BB9A162C58F059DC26D74032AEFF9661B7026B3584F3C3C368B6DE861B48F6EFDF5F0CDDECF9FC9F1F3F7BF7DD770B434F7EB08981C41E92BA1E4826542F8C547D7D7D85C39AF94392E9C65BE1F1ADB7DE5A18DE87EB93FC1E928B2FBE3859B3664DE171EC4D39DBE15003C9E806DDB3DDDFE6CCEDE00BAF8B8DA10AAF37F303C9ECBA6CE6F86C9AB81D7C357DF4D147FBD23774B981A4F26A2D84B3432D71C826DB3B72C30D371482B73468E3504B76C826BE1E387060D040923F461EE7994C3A734EC9A4DCB925061226CA40922DAF8B172F2E3E8EFEC80E615E74D145C3BE3EF690648727B76CD932ECB9570692B21C0A1C727F9B339F4D5378BEA7A7A7A2EBCDB8795AEEBF65795D36697C50DEE1C387AB3A901C3972A4377D430F18481A2F8463CF480C1811B0F9508DCF4A3A9F3D24D9619908EF783E4E96CD5E7BCD35D724E9D672712BF3E69B6F2E3EDEB4699381C44052D303492CBFA57B48E270E32DB7DC527C5D2CE771326B7EE02E1D669C4352F68164C8FD6DCE7C505EE1E7E53E99B554DCD135F7DF71A02E9B343EB537FBA0BC6A89BF2F3EE5D040D278219C0D0DB145B77EFDFA2C948A57078C662059B162C5B0571264BBAFF37F963D24D4E340926ED415CFA9CAF6A2940E2459DF945E89662019DF4092DF6392567FF67DB92EF53DDB25C0B9BFFB445D3669FCE37E0D13F55E064278EC75E9A5970E0AD5B87950762866B8601EE9904DFC9BA64F9F5E781C57DE0C773CDD40C2441C484AF71C66C346EC15FCF2CB2FCF790E4936ECC7E338F1350694D261BFD106926A55B5D79B75D9A453A74E3D5DED3D24FDFDFD47EA76C213C2C356B6B72396B5A8CB2EBB2CB9EAAAAB8A5707CC983163C89E8D383935FF7D767E4884730C22B1C53052381B4898880349E9B29B0D24C39D001B352977597B3CCE7A2CBE66037F76658E3BB5966D98299E441D774FB587A48C66CE9C3950ED7348BEFDF6DB3FD4ED3130213CA4E292B5B89F420C117162560C22F9BD22478F1E2D5CDE983F1C73B6901EE9DF3469987B8ED4DAB174038981A41C034954DC976452C989ACD963B78EAFC84032E46A2EE79094D9638F3DB6BBDA57D9AC5EBDFA7FEAF62C6121AC0C247A41D5D34032E2FD6D5C655366CF3FFFFC9BD5BE0FC9DCB97357D4ED75D442581948F482AA8781E49CF7B7711F92327BF4D147FFE1DE7BEFFDA58A776A3DD1DCDCFC75DDDE694E082B03895E500DD10B71A7D6745D76B21A776A6D6D6D3D5DF7776A0D9D9D9D7FACD667D9AC5EBD7A51437C62A110560612BDA0EABE177C964D99DD75D75DB7CF9A35EB6415F6921C6B6E6EDE56D79F5628849581442FA8461A482AFE69BFE97AF374437CDA6FA6A3A3637B7CB47B25C5F92A31DD9DEB332710C24218BDA017268A74BDB63E1B183A3B3BCB7609705CEA3B6BD6AC53F9BD230DB1FE8C63526D6D6DFDBB76EDAAC830B27DFBF665E9DF71389DEE7E231A85B010462FE8857A5A7FA675341B1CE21E30E31D4A621899376F5EFEBC91BE865A7FB6B6B6B6747474FCD8DBDB5BD661E4E0C1831F363737EF77A846080B6103895E50F5D80B4D4D4D93B3135CB33D25633D7C13BF57B2672469C8F5674B4B4B5B7B7B7B5FB9F694C49E911846D2FF590F8B44212C840D247A41D56B2FA483C3B4FC5012E794C489AE7195CC68AFA6891358F3E78C4435F4FA3326BDD6D6D6E31F7CF0C15FC771A2EBB1175F7CF1F7719826FE27894321AC0C247A41D57B2FC4FA33AD63F981220693B84F49DC3C2DF67E648773E2B04CDC81356E7AF6CA2BAF2453A74EFDA5E4EEB07DD69F678E89A5535A774747C7916DDBB6F59FCF7D46D6AC59F35E3AD07C1C27E0386744082B03895E508DD40BB1FECC5F0E3CC6B2FE1CE68DBD2D069369D3A6F5CE9F3FFF8B0F3FFC707F3AD11DCE3E902F3E282F3E9BA6ABABEBBF1F7FFCF195E924B827DEC898EA5C4D23849581442FA846ED85587F9E194C4E9ECF2062FD790E7147BAF48D7DE0CCBDFBF7C6A70D669F3A181FF413F7D68FDBD9BA03AB10560612BDA0F482F5270861218C5ED00B80105642582F28BD000861218C5ED00B80105642582F28BD000861218C5ED00B80105642582F28BD000861218C5ED00B80105642582F28BD000861218C5ED00B80105642582F28BD000861218C5ED00B80105642582F28BD000861218C5ED00B406DE9EEEE167EB55327D2103E69A9D40B4A2F40C3D9B871E3E1DEDE5E01580375E8D0A1FF4C4378A7A5522FE805BD000D67DDBA75B7F4F4F4FCE5BBEFBEEB1784BFDED66004705757D7FEB46EB354EA05BDA017A021A58DFFDB746BE4E3D8451AC76D55D52BDEF79D02582F28BD00000000000000000000000000000000000000D030FE06F097FBE11430926D0000000049454E44AE426082, '1');
INSERT INTO `act_ge_bytearray` VALUES ('7510', '1', 'email.bpmn20.xml', '7509', 0x3C3F786D6C2076657273696F6E3D22312E302220656E636F64696E673D225554462D38223F3E0A3C646566696E6974696F6E7320786D6C6E733D22687474703A2F2F7777772E6F6D672E6F72672F737065632F42504D4E2F32303130303532342F4D4F44454C2220786D6C6E733A7873693D22687474703A2F2F7777772E77332E6F72672F323030312F584D4C536368656D612D696E7374616E63652220786D6C6E733A7873643D22687474703A2F2F7777772E77332E6F72672F323030312F584D4C536368656D612220786D6C6E733A61637469766974693D22687474703A2F2F61637469766974692E6F72672F62706D6E2220786D6C6E733A62706D6E64693D22687474703A2F2F7777772E6F6D672E6F72672F737065632F42504D4E2F32303130303532342F44492220786D6C6E733A6F6D6764633D22687474703A2F2F7777772E6F6D672E6F72672F737065632F44442F32303130303532342F44432220786D6C6E733A6F6D6764693D22687474703A2F2F7777772E6F6D672E6F72672F737065632F44442F32303130303532342F44492220747970654C616E67756167653D22687474703A2F2F7777772E77332E6F72672F323030312F584D4C536368656D61222065787072657373696F6E4C616E67756167653D22687474703A2F2F7777772E77332E6F72672F313939392F585061746822207461726765744E616D6573706163653D22687474703A2F2F7777772E61637469766974692E6F72672F70726F63657373646566223E0A20203C70726F636573732069643D22656D61696C2220697345786563757461626C653D2274727565223E0A202020203C73746172744576656E742069643D227369642D42374431433145302D374144412D344435392D384445352D33353742303534354242413022206E616D653D227374617274223E3C2F73746172744576656E743E0A202020203C757365725461736B2069643D227369642D37393636363437452D433444462D343832452D383046432D46443736393038333938454422206E616D653D22E58F91E982AEE4BBB6223E3C2F757365725461736B3E0A202020203C73657175656E6365466C6F772069643D227369642D30343234363435382D373143392D343646312D423738302D3036304338323936443134382220736F757263655265663D227369642D42374431433145302D374144412D344435392D384445352D33353742303534354242413022207461726765745265663D227369642D37393636363437452D433444462D343832452D383046432D464437363930383339384544223E3C2F73657175656E6365466C6F773E0A202020203C757365725461736B2069643D227369642D46303442444433452D334144302D344443362D383445422D41344538364634393345443222206E616D653D22E5AEA1E689B9222061637469766974693A63616E64696461746547726F7570733D2274657374223E3C2F757365725461736B3E0A202020203C73657175656E6365466C6F772069643D227369642D39364439444545302D363032312D344630382D393230362D4333384336303343303834392220736F757263655265663D227369642D37393636363437452D433444462D343832452D383046432D46443736393038333938454422207461726765745265663D227369642D46303442444433452D334144302D344443362D383445422D413445383646343933454432223E3C2F73657175656E6365466C6F773E0A202020203C656E644576656E742069643D227369642D39444439444244412D314536372D344143382D393141372D42334234444236363532413422206E616D653D22656E64223E3C2F656E644576656E743E0A202020203C73657175656E6365466C6F772069643D227369642D36453632344237412D303336392D343836322D383045302D3133334631463332453945382220736F757263655265663D227369642D46303442444433452D334144302D344443362D383445422D41344538364634393345443222207461726765745265663D227369642D39444439444244412D314536372D344143382D393141372D423342344442363635324134223E3C2F73657175656E6365466C6F773E0A20203C2F70726F636573733E0A20203C62706D6E64693A42504D4E4469616772616D2069643D2242504D4E4469616772616D5F656D61696C223E0A202020203C62706D6E64693A42504D4E506C616E652062706D6E456C656D656E743D22656D61696C222069643D2242504D4E506C616E655F656D61696C223E0A2020202020203C62706D6E64693A42504D4E53686170652062706D6E456C656D656E743D227369642D42374431433145302D374144412D344435392D384445352D333537423035343542424130222069643D2242504D4E53686170655F7369642D42374431433145302D374144412D344435392D384445352D333537423035343542424130223E0A20202020202020203C6F6D6764633A426F756E6473206865696768743D2233302E30222077696474683D2233302E302220783D2234352E302220793D223439382E30223E3C2F6F6D6764633A426F756E64733E0A2020202020203C2F62706D6E64693A42504D4E53686170653E0A2020202020203C62706D6E64693A42504D4E53686170652062706D6E456C656D656E743D227369642D37393636363437452D433444462D343832452D383046432D464437363930383339384544222069643D2242504D4E53686170655F7369642D37393636363437452D433444462D343832452D383046432D464437363930383339384544223E0A20202020202020203C6F6D6764633A426F756E6473206865696768743D2238302E30222077696474683D223130302E302220783D223136352E302220793D223436352E30223E3C2F6F6D6764633A426F756E64733E0A2020202020203C2F62706D6E64693A42504D4E53686170653E0A2020202020203C62706D6E64693A42504D4E53686170652062706D6E456C656D656E743D227369642D46303442444433452D334144302D344443362D383445422D413445383646343933454432222069643D2242504D4E53686170655F7369642D46303442444433452D334144302D344443362D383445422D413445383646343933454432223E0A20202020202020203C6F6D6764633A426F756E6473206865696768743D2238302E30222077696474683D223130302E302220783D223336302E302220793D223436352E30223E3C2F6F6D6764633A426F756E64733E0A2020202020203C2F62706D6E64693A42504D4E53686170653E0A2020202020203C62706D6E64693A42504D4E53686170652062706D6E456C656D656E743D227369642D39444439444244412D314536372D344143382D393141372D423342344442363635324134222069643D2242504D4E53686170655F7369642D39444439444244412D314536372D344143382D393141372D423342344442363635324134223E0A20202020202020203C6F6D6764633A426F756E6473206865696768743D2232382E30222077696474683D2232382E302220783D223531302E302220793D223439392E30223E3C2F6F6D6764633A426F756E64733E0A2020202020203C2F62706D6E64693A42504D4E53686170653E0A2020202020203C62706D6E64693A42504D4E456467652062706D6E456C656D656E743D227369642D39364439444545302D363032312D344630382D393230362D433338433630334330383439222069643D2242504D4E456467655F7369642D39364439444545302D363032312D344630382D393230362D433338433630334330383439223E0A20202020202020203C6F6D6764693A776179706F696E7420783D223236352E302220793D223530352E30223E3C2F6F6D6764693A776179706F696E743E0A20202020202020203C6F6D6764693A776179706F696E7420783D223336302E302220793D223530352E30223E3C2F6F6D6764693A776179706F696E743E0A2020202020203C2F62706D6E64693A42504D4E456467653E0A2020202020203C62706D6E64693A42504D4E456467652062706D6E456C656D656E743D227369642D30343234363435382D373143392D343646312D423738302D303630433832393644313438222069643D2242504D4E456467655F7369642D30343234363435382D373143392D343646312D423738302D303630433832393644313438223E0A20202020202020203C6F6D6764693A776179706F696E7420783D2237352E302220793D223531332E30223E3C2F6F6D6764693A776179706F696E743E0A20202020202020203C6F6D6764693A776179706F696E7420783D223132302E302220793D223531332E30223E3C2F6F6D6764693A776179706F696E743E0A20202020202020203C6F6D6764693A776179706F696E7420783D223132302E302220793D223530352E30223E3C2F6F6D6764693A776179706F696E743E0A20202020202020203C6F6D6764693A776179706F696E7420783D223136352E302220793D223530352E30223E3C2F6F6D6764693A776179706F696E743E0A2020202020203C2F62706D6E64693A42504D4E456467653E0A2020202020203C62706D6E64693A42504D4E456467652062706D6E456C656D656E743D227369642D36453632344237412D303336392D343836322D383045302D313333463146333245394538222069643D2242504D4E456467655F7369642D36453632344237412D303336392D343836322D383045302D313333463146333245394538223E0A20202020202020203C6F6D6764693A776179706F696E7420783D223436302E302220793D223530352E30223E3C2F6F6D6764693A776179706F696E743E0A20202020202020203C6F6D6764693A776179706F696E7420783D223438352E302220793D223530352E30223E3C2F6F6D6764693A776179706F696E743E0A20202020202020203C6F6D6764693A776179706F696E7420783D223438352E302220793D223531332E30223E3C2F6F6D6764693A776179706F696E743E0A20202020202020203C6F6D6764693A776179706F696E7420783D223531302E302220793D223531332E30223E3C2F6F6D6764693A776179706F696E743E0A2020202020203C2F62706D6E64693A42504D4E456467653E0A202020203C2F62706D6E64693A42504D4E506C616E653E0A20203C2F62706D6E64693A42504D4E4469616772616D3E0A3C2F646566696E6974696F6E733E, '0');
INSERT INTO `act_ge_bytearray` VALUES ('7511', '1', 'email.email.png', '7509', 0x89504E470D0A1A0A0000000D49484452000002240000022B0806000000DFA582A5000011C94944415478DAEDDD6D6C54859A07703E68B2DFFC684CD6A85993BDF1BBC926AEC69818BF5CE39A688A6D055249ABACF85230D145836F447C0BBEACB9D118AF1256D710822CCBF2D6420111B22A5116C50B575E0404CBF572B1D7620539F73CB39CC9E9B485D2CE8CD399DF2F79D269670A329EE77F9EF33A9326010000000000000000000000000000000000000000000000000000000000000000000000000000000000000000000000000000000000000000000000000000000000000000000000000000000000000000000000000000000000000000000000000000000000000000000000000000000000000000000000000000000000000000000000000000000000000000000000000000000000000000000000000000000000000000000000000000000000000000000000000000000000000000000000000000000000000000000000000000000000000000000000000000000000000000000000000000000000000000000000000000000000000000000000000000000000000000000000000000000000000000000000000000000000000000000000000000000000000000000000000000000000000000000000000000000000000000000000000000000000000000000000000000000000000000000000000000000000000000000000000000000000000000000000000000000000000000000000000000000000000000000000000000000000000000000000000000000000000000000000000000000000000000000000000000000000000000000000000000000000000000000000000000000000000000000000000000000000000000000000000000000000000000000000000000000000000000000000000000000000000000000000000000000000000000000000000000000000000000000000000000000000000000000000000000000000000000000000000000000000000000000000000000000000000000000000000000000000000000000000000000000000000000000000000000000000000000000000000000000000000000000000000000000000000000000000000000000000000000000000000000000000000000000000000000000000000000000000000000000000000000000000000000000000000000000000000000000000000000000000000000000000000000000000000000000000000000000000000000000000000000000000000000000000000000000000000000000000000000000000000000000000000000000000000000000000000000000000000000000000000000000000000000000000000000000000000000000000000000000000000000000000000000000000000000000000000000000000000000000000000000000000000000000000000000000000000000000000000000000000000000000000000000000000000000000000000000000000000000000000000000000000000000000000000000000000000000000000000000000000000000000000000000000000000000000000000000000000000000000083254972C19E3D7B166FDDBAF597EEEEEE64EDDAB5AACAD5D5D5956CDCB8F14F69B55A22F5825ED00BD0902280376DDA94F4F6F626030303EA57AAA3478F261B366C389E06F26D964ABDA017F402349CD81A14C03513C403E956E24E4BA55ED00B7A011A4EEC9A1680B55369089FB454EA05A517A0E1C4715BE15753219C582AF582D20B208447A8BFFEE570B2E7E3DF275F743D59A8781C3F139C42582FE805BD00542584FB8E1D4A76AC7E2CF97CC543832A7E16CF094F21AC17F4825E002A1EC207BEF8AF21019CD5C12F960B4F21AC17F4825E002A1FC23BD73F3B6208C773C25308EB05BDA017808A87F08EB58F8F18C2F19CF014C27A412FE80540080B61F4825E00EA3F84E34A829142389E139E42582FE805BD00543C84776FFEF71143389E139E42582FE805BD00543C84BF3FB43DD9B166EED05DD4E9CFE239E12984F5825ED00B40C543386AEF270B878470FC4C700A61BDA017F402509D10FEE9A764F747BF1BBA8B3AFD593C273C85B05ED00B7A01A86808C7DD27776D7E75C4E3E6F19C3B540A61BDA017F4025099104EB7F60EEF5E97FCDFAA7F1B3180B38AD7C46B6D210A61BDA017F40250B6103ED796A02D4421AC17F4825E002A1EC2A3D9123CDB16A23015C27A412FE80560DC213CD600CE4A980A61BDA017F40230EE105642582F28BD000861218C5ED00B7A0184B012C27A41E90540080B61F4825ED00B20849510D60B4A2F00425808A317F4825E0021AC84B05E507A0110C24218BDA017F40208612584F582D20B801016C2E805BDA01740082B21AC17945E0084B010462FE805BDC0582449F277DBB76FEF78E79D7736CC9F3FFFF87DF7DD7772DAB469C9E4C99393D6D6D6D3F7DC73CFC09C3973F63CFBECB38BD2FA47EF98105642582F28BDF0FF5A5A5AFEBEA9A9E9DE749DB938ADDD69F5C5FA33AD1369ED4D9F5B9A7E9D1DAFD3A9671944962C59B2F0A9A79E3AF9C0030F24AFBFFE7AB275EBD6E4D0A143C989132792105F7B7B7B934F3FFD34490796E4FEFBEF3FFDE0830FEE6B6F6F9FEE1D14C2CA40A21754A3F6C21D77DCF12F69AD4D6BE0CC00329A5A9FBEBE55C7E6A48347DBD34F3FFDD3430F3D5418364E9D3A958CD6679F7D963CFCF0C3A73A3A3A76DE7EFBED577A372BB2A0C742FECF425808EB05BDA0176A4B3A545C9E2E93ABCE630819AE3635FCFA339D272E58B66CD9BABBEFBE3B59BE7CF9790D22A556AD5A95B4B5B5F5DB5B529105BEB0D04618373535FD931016C27A412FE8855F5FBA0C4E6E6E6EFE737EB8686969499E79E69964DDBA75C937DF7C93FCF0C30F8575E48F3FFE5838E2B079F3E664C18205C99D77DE593A94F435ECDE9218467A7A7AFE77E6CC99C9AE5DBB9272D8B76F5F920E37FDD3A74FFF57D159FE10CED5CAE1B61285B010D60B7A412F546D18F96DBAEC9DCA0F228B162D2A9CD6301AC78E1D2BBC3E7E2FBF4CA77F66E36DD4C79E91184646FBE68D56FC79EDEDED7D8E8B5534848B5B89F93016C242582FE805BD509D3D23F961A4B3B3B3B037642CE2F7E2748992E5B971D69F71CE481CA629D79E91E1F6944C9932E558FAA6FE4684562E84F35B89B1FB5A080B61BDA017F442C597C1CBF38769E6CE9D5B3C2C3356713867DEBC79A5876FEA7FFD1957D33CF9E4930371CE4825AD58B1A2BFA5A5654B1D075FCD9510AEAD9A88CB50BD945E68CC5EA8C6BA211D46BAF27B46C63B8CE48792923D259BEA7E2059BA74E97FC43FFAE79F7F4E2A6DC68C194726EAAEA76A2DDCE31C8E3E8EE398D75F7FFD05B5B69BBABBBB3B397EFC78B272E5CA781F0B978CC710BC61C386117F275EF7EAABAF16BF8FD72F5BB6AC50F1DCC1830787BCFE89279E28FCD9D9F773E6CCB155D8987B486AB6174653B1ECBEF0C20BE77CCDECD9B30B8FDF7FFFFD41CB7D9C8BD0E87B48AA91D971696FFE9C91B11EA639DBE19BFC3925757DE826F68EC47D46E2D2DE6AF8FCF3CF0726EA5E921A1F4806856FAD1D378FA08CC56DDBB66DC995575E995C7DF5D58342F5A69B6E1AF4FA185AB2A1E3ADB7DE2AFCCEEEDDBB0BDF7FFDF5D7852D87781C219CFD4EFC3C7B3EBE7EF2C92785AF6FBFFDB681A4B106929AEE85912A06F358E6A74C9952F87AC9259724D75E7B6D71005FB2644972C515570C1948DE7CF3CDE2E3850B17161FE77BC34052D181646DB6ECC5105809EFBDF75E63EC25893BB0C689ACE3B9BCF77CB5B5B51D89636E0692B284F09698D04BC3B7D642F8A5975E2A84E4D2A54B0B5F6FBCF1C641E11B411A3F4F97C762A0EED8B1A3F8B3FCA0F1D5575F15C236BE9686F373CF3D571C7E5E7BEDB5C2D737DE78A330D444C01B48EA7A209910BD70B6BD1DF92122BE4F37168BDF5F78E185C9238F3C5278BC77EFDEE2C07EDD75D715FB27EB897CDFBCFCF2CB0692310E1AE7BABF4DDC59353B9135F6627CFFFDF7155967C6D5372597045F5E97CD1CB7838F09BB9A162C58F059DC26D74032AEFF9661B7026B3584F3C3C368B6DE861B48F6EFDF5F0CDDECF9FC9F1F3F7BF7DD770B434F7EB08981C41E92BA1E4826542F8C547D7D7D85C39AF94392E9C65BE1F1ADB7DE5A18DE87EB93FC1E928B2FBE3859B3664DE171EC4D39DBE15003C9E806DDB3DDDFE6CCEDE00BAF8B8DA10AAF37F303C9ECBA6CE6F86C9AB81D7C357DF4D147FBD23774B981A4F26A2D84B3432D71C826DB3B72C30D371482B73468E3504B76C826BE1E387060D040923F461EE7994C3A734EC9A4DCB925061226CA40922DAF8B172F2E3E8EFEC80E615E74D145C3BE3EF690648727B76CD932ECB9570692B21C0A1C727F9B339F4D5378BEA7A7A7A2EBCDB8795AEEBF65795D36697C50DEE1C387AB3A901C3972A4377D430F18481A2F8463CF480C1811B0F9508DCF4A3A9F3D24D9619908EF783E4E96CD5E7BCD35D724E9D672712BF3E69B6F2E3EDEB4699381C44052D303492CBFA57B48E270E32DB7DC527C5D2CE771326B7EE02E1D669C4352F68164C8FD6DCE7C505EE1E7E53E99B554DCD135F7DF71A02E9B343EB537FBA0BC6A89BF2F3EE5D040D278219C0D0DB145B77EFDFA2C948A57078C662059B162C5B0571264BBAFF37F963D24D4E340926ED415CFA9CAF6A2940E2459DF945E89662019DF4092DF6392567FF67DB92EF53DDB25C0B9BFFB445D3669FCE37E0D13F55E064278EC75E9A5970E0AD5B87950762866B8601EE9904DFC9BA64F9F5E781C57DE0C773CDD40C2441C484AF71C66C346EC15FCF2CB2FCF790E4936ECC7E338F1350694D261BFD106926A55B5D79B75D9A453A74E3D5DED3D24FDFDFD47EA76C213C2C356B6B72396B5A8CB2EBB2CB9EAAAAB8A5707CC983163C89E8D383935FF7D767E4884730C22B1C53052381B4898880349E9B29B0D24C39D001B352977597B3CCE7A2CBE66037F76658E3BB5966D98299E441D774FB587A48C66CE9C3950ED7348BEFDF6DB3FD4ED3130213CA4E292B5B89F420C117162560C22F9BD22478F1E2D5CDE983F1C73B6901EE9DF3469987B8ED4DAB174038981A41C034954DC976452C989ACD963B78EAFC84032E46A2EE79094D9638F3DB6BBDA57D9AC5EBDFA7FEAF62C6121AC0C247A41D5D34032E2FD6D5C655366CF3FFFFC9BD5BE0FC9DCB97357D4ED75D442581948F482AA8781E49CF7B7711F92327BF4D147FFE1DE7BEFFDA58A776A3DD1DCDCFC75DDDE694E082B03895E500DD10B71A7D6745D76B21A776A6D6D6D3D5DF7776A0D9D9D9D7FACD667D9AC5EBD7A51437C62A110560612BDA0EABE177C964D99DD75D75DB7CF9A35EB6415F6921C6B6E6EDE56D79F5628849581442FA8461A482AFE69BFE97AF374437CDA6FA6A3A3637B7CB47B25C5F92A31DD9DEB332710C24218BDA017268A74BDB63E1B183A3B3BCB7609705CEA3B6BD6AC53F9BD230DB1FE8C63526D6D6DFDBB76EDAAC830B27DFBF665E9DF71389DEE7E231A85B010462FE8857A5A7FA675341B1CE21E30E31D4A621899376F5EFEBC91BE865A7FB6B6B6B6747474FCD8DBDB5BD661E4E0C1831F363737EF77A846080B6103895E50F5D80B4D4D4D93B3135CB33D25633D7C13BF57B2672469C8F5674B4B4B5B7B7B7B5FB9F694C49E911846D2FF590F8B44212C840D247A41D56B2FA483C3B4FC5012E794C489AE7195CC68AFA6891358F3E78C4435F4FA3326BDD6D6D6E31F7CF0C15FC771A2EBB1175F7CF1F7719826FE27894321AC0C247A41D57B2FC4FA33AD63F981220693B84F49DC3C2DF67E648773E2B04CDC81356E7AF6CA2BAF2453A74EFDA5E4EEB07DD69F678E89A5535A774747C7916DDBB6F59FCF7D46D6AC59F35E3AD07C1C27E0386744082B03895E508DD40BB1FECC5F0E3CC6B2FE1CE68DBD2D069369D3A6F5CE9F3FFF8B0F3FFC707F3AD11DCE3E902F3E282F3E9BA6ABABEBBF1F7FFCF195E924B827DEC898EA5C4D23849581442FA846ED85587F9E194C4E9ECF2062FD790E7147BAF48D7DE0CCBDFBF7C6A70D669F3A181FF413F7D68FDBD9BA03AB10560612BDA0F482F5270861218C5ED00B80105642582F28BD000861218C5ED00B80105642582F28BD000861218C5ED00B80105642582F28BD000861218C5ED00B80105642582F28BD000861218C5ED00B80105642582F28BD000861218C5ED00B80105642582F28BD000861218C5ED00B406DE9EEEE167EB55327D2103E69A9D40B4A2F40C3D9B871E3E1DEDE5E01580375E8D0A1FF4C4378A7A5522FE805BD000D67DDBA75B7F4F4F4FCE5BBEFBEEB1784BFDED66004705757D7FEB46EB354EA05BDA017A021A58DFFDB746BE4E3D8451AC76D55D52BDEF79D02582F28BD00000000000000000000000000000000000000D030FE06F097FBE11430926D0000000049454E44AE426082, '1');

-- ----------------------------
-- Table structure for act_ge_property
-- ----------------------------
DROP TABLE IF EXISTS `act_ge_property`;
CREATE TABLE `act_ge_property` (
  `NAME_` varchar(64) COLLATE utf8_bin NOT NULL,
  `VALUE_` varchar(300) COLLATE utf8_bin DEFAULT NULL,
  `REV_` int(11) DEFAULT NULL,
  PRIMARY KEY (`NAME_`)
) ENGINE=InnoDB DEFAULT CHARSET=utf8 COLLATE=utf8_bin;

-- ----------------------------
-- Records of act_ge_property
-- ----------------------------
INSERT INTO `act_ge_property` VALUES ('next.dbid', '10001', '5');
INSERT INTO `act_ge_property` VALUES ('schema.history', 'create(5.22.0.0)', '1');
INSERT INTO `act_ge_property` VALUES ('schema.version', '5.22.0.0', '1');

-- ----------------------------
-- Table structure for act_hi_actinst
-- ----------------------------
DROP TABLE IF EXISTS `act_hi_actinst`;
CREATE TABLE `act_hi_actinst` (
  `ID_` varchar(64) COLLATE utf8_bin NOT NULL,
  `PROC_DEF_ID_` varchar(64) COLLATE utf8_bin NOT NULL,
  `PROC_INST_ID_` varchar(64) COLLATE utf8_bin NOT NULL,
  `EXECUTION_ID_` varchar(64) COLLATE utf8_bin NOT NULL,
  `ACT_ID_` varchar(255) COLLATE utf8_bin NOT NULL,
  `TASK_ID_` varchar(64) COLLATE utf8_bin DEFAULT NULL,
  `CALL_PROC_INST_ID_` varchar(64) COLLATE utf8_bin DEFAULT NULL,
  `ACT_NAME_` varchar(255) COLLATE utf8_bin DEFAULT NULL,
  `ACT_TYPE_` varchar(255) COLLATE utf8_bin NOT NULL,
  `ASSIGNEE_` varchar(255) COLLATE utf8_bin DEFAULT NULL,
  `START_TIME_` datetime NOT NULL,
  `END_TIME_` datetime DEFAULT NULL,
  `DURATION_` bigint(20) DEFAULT NULL,
  `TENANT_ID_` varchar(255) COLLATE utf8_bin DEFAULT '',
  PRIMARY KEY (`ID_`),
  KEY `ACT_IDX_HI_ACT_INST_START` (`START_TIME_`),
  KEY `ACT_IDX_HI_ACT_INST_END` (`END_TIME_`),
  KEY `ACT_IDX_HI_ACT_INST_PROCINST` (`PROC_INST_ID_`,`ACT_ID_`),
  KEY `ACT_IDX_HI_ACT_INST_EXEC` (`EXECUTION_ID_`,`ACT_ID_`)
) ENGINE=InnoDB DEFAULT CHARSET=utf8 COLLATE=utf8_bin;

-- ----------------------------
-- Records of act_hi_actinst
-- ----------------------------

-- ----------------------------
-- Table structure for act_hi_attachment
-- ----------------------------
DROP TABLE IF EXISTS `act_hi_attachment`;
CREATE TABLE `act_hi_attachment` (
  `ID_` varchar(64) COLLATE utf8_bin NOT NULL,
  `REV_` int(11) DEFAULT NULL,
  `USER_ID_` varchar(255) COLLATE utf8_bin DEFAULT NULL,
  `NAME_` varchar(255) COLLATE utf8_bin DEFAULT NULL,
  `DESCRIPTION_` varchar(4000) COLLATE utf8_bin DEFAULT NULL,
  `TYPE_` varchar(255) COLLATE utf8_bin DEFAULT NULL,
  `TASK_ID_` varchar(64) COLLATE utf8_bin DEFAULT NULL,
  `PROC_INST_ID_` varchar(64) COLLATE utf8_bin DEFAULT NULL,
  `URL_` varchar(4000) COLLATE utf8_bin DEFAULT NULL,
  `CONTENT_ID_` varchar(64) COLLATE utf8_bin DEFAULT NULL,
  `TIME_` datetime DEFAULT NULL,
  PRIMARY KEY (`ID_`)
) ENGINE=InnoDB DEFAULT CHARSET=utf8 COLLATE=utf8_bin;

-- ----------------------------
-- Records of act_hi_attachment
-- ----------------------------

-- ----------------------------
-- Table structure for act_hi_comment
-- ----------------------------
DROP TABLE IF EXISTS `act_hi_comment`;
CREATE TABLE `act_hi_comment` (
  `ID_` varchar(64) COLLATE utf8_bin NOT NULL,
  `TYPE_` varchar(255) COLLATE utf8_bin DEFAULT NULL,
  `TIME_` datetime NOT NULL,
  `USER_ID_` varchar(255) COLLATE utf8_bin DEFAULT NULL,
  `TASK_ID_` varchar(64) COLLATE utf8_bin DEFAULT NULL,
  `PROC_INST_ID_` varchar(64) COLLATE utf8_bin DEFAULT NULL,
  `ACTION_` varchar(255) COLLATE utf8_bin DEFAULT NULL,
  `MESSAGE_` varchar(4000) COLLATE utf8_bin DEFAULT NULL,
  `FULL_MSG_` longblob DEFAULT NULL,
  PRIMARY KEY (`ID_`)
) ENGINE=InnoDB DEFAULT CHARSET=utf8 COLLATE=utf8_bin;

-- ----------------------------
-- Records of act_hi_comment
-- ----------------------------

-- ----------------------------
-- Table structure for act_hi_detail
-- ----------------------------
DROP TABLE IF EXISTS `act_hi_detail`;
CREATE TABLE `act_hi_detail` (
  `ID_` varchar(64) COLLATE utf8_bin NOT NULL,
  `TYPE_` varchar(255) COLLATE utf8_bin NOT NULL,
  `PROC_INST_ID_` varchar(64) COLLATE utf8_bin DEFAULT NULL,
  `EXECUTION_ID_` varchar(64) COLLATE utf8_bin DEFAULT NULL,
  `TASK_ID_` varchar(64) COLLATE utf8_bin DEFAULT NULL,
  `ACT_INST_ID_` varchar(64) COLLATE utf8_bin DEFAULT NULL,
  `NAME_` varchar(255) COLLATE utf8_bin NOT NULL,
  `VAR_TYPE_` varchar(255) COLLATE utf8_bin DEFAULT NULL,
  `REV_` int(11) DEFAULT NULL,
  `TIME_` datetime NOT NULL,
  `BYTEARRAY_ID_` varchar(64) COLLATE utf8_bin DEFAULT NULL,
  `DOUBLE_` double DEFAULT NULL,
  `LONG_` bigint(20) DEFAULT NULL,
  `TEXT_` varchar(4000) COLLATE utf8_bin DEFAULT NULL,
  `TEXT2_` varchar(4000) COLLATE utf8_bin DEFAULT NULL,
  PRIMARY KEY (`ID_`),
  KEY `ACT_IDX_HI_DETAIL_PROC_INST` (`PROC_INST_ID_`),
  KEY `ACT_IDX_HI_DETAIL_ACT_INST` (`ACT_INST_ID_`),
  KEY `ACT_IDX_HI_DETAIL_TIME` (`TIME_`),
  KEY `ACT_IDX_HI_DETAIL_NAME` (`NAME_`),
  KEY `ACT_IDX_HI_DETAIL_TASK_ID` (`TASK_ID_`)
) ENGINE=InnoDB DEFAULT CHARSET=utf8 COLLATE=utf8_bin;

-- ----------------------------
-- Records of act_hi_detail
-- ----------------------------

-- ----------------------------
-- Table structure for act_hi_identitylink
-- ----------------------------
DROP TABLE IF EXISTS `act_hi_identitylink`;
CREATE TABLE `act_hi_identitylink` (
  `ID_` varchar(64) COLLATE utf8_bin NOT NULL,
  `GROUP_ID_` varchar(255) COLLATE utf8_bin DEFAULT NULL,
  `TYPE_` varchar(255) COLLATE utf8_bin DEFAULT NULL,
  `USER_ID_` varchar(255) COLLATE utf8_bin DEFAULT NULL,
  `TASK_ID_` varchar(64) COLLATE utf8_bin DEFAULT NULL,
  `PROC_INST_ID_` varchar(64) COLLATE utf8_bin DEFAULT NULL,
  PRIMARY KEY (`ID_`),
  KEY `ACT_IDX_HI_IDENT_LNK_USER` (`USER_ID_`),
  KEY `ACT_IDX_HI_IDENT_LNK_TASK` (`TASK_ID_`),
  KEY `ACT_IDX_HI_IDENT_LNK_PROCINST` (`PROC_INST_ID_`)
) ENGINE=InnoDB DEFAULT CHARSET=utf8 COLLATE=utf8_bin;

-- ----------------------------
-- Records of act_hi_identitylink
-- ----------------------------

-- ----------------------------
-- Table structure for act_hi_procinst
-- ----------------------------
DROP TABLE IF EXISTS `act_hi_procinst`;
CREATE TABLE `act_hi_procinst` (
  `ID_` varchar(64) COLLATE utf8_bin NOT NULL,
  `PROC_INST_ID_` varchar(64) COLLATE utf8_bin NOT NULL,
  `BUSINESS_KEY_` varchar(255) COLLATE utf8_bin DEFAULT NULL,
  `PROC_DEF_ID_` varchar(64) COLLATE utf8_bin NOT NULL,
  `START_TIME_` datetime NOT NULL,
  `END_TIME_` datetime DEFAULT NULL,
  `DURATION_` bigint(20) DEFAULT NULL,
  `START_USER_ID_` varchar(255) COLLATE utf8_bin DEFAULT NULL,
  `START_ACT_ID_` varchar(255) COLLATE utf8_bin DEFAULT NULL,
  `END_ACT_ID_` varchar(255) COLLATE utf8_bin DEFAULT NULL,
  `SUPER_PROCESS_INSTANCE_ID_` varchar(64) COLLATE utf8_bin DEFAULT NULL,
  `DELETE_REASON_` varchar(4000) COLLATE utf8_bin DEFAULT NULL,
  `TENANT_ID_` varchar(255) COLLATE utf8_bin DEFAULT '',
  `NAME_` varchar(255) COLLATE utf8_bin DEFAULT NULL,
  PRIMARY KEY (`ID_`),
  UNIQUE KEY `PROC_INST_ID_` (`PROC_INST_ID_`),
  KEY `ACT_IDX_HI_PRO_INST_END` (`END_TIME_`),
  KEY `ACT_IDX_HI_PRO_I_BUSKEY` (`BUSINESS_KEY_`)
) ENGINE=InnoDB DEFAULT CHARSET=utf8 COLLATE=utf8_bin;

-- ----------------------------
-- Records of act_hi_procinst
-- ----------------------------

-- ----------------------------
-- Table structure for act_hi_taskinst
-- ----------------------------
DROP TABLE IF EXISTS `act_hi_taskinst`;
CREATE TABLE `act_hi_taskinst` (
  `ID_` varchar(64) COLLATE utf8_bin NOT NULL,
  `PROC_DEF_ID_` varchar(64) COLLATE utf8_bin DEFAULT NULL,
  `TASK_DEF_KEY_` varchar(255) COLLATE utf8_bin DEFAULT NULL,
  `PROC_INST_ID_` varchar(64) COLLATE utf8_bin DEFAULT NULL,
  `EXECUTION_ID_` varchar(64) COLLATE utf8_bin DEFAULT NULL,
  `NAME_` varchar(255) COLLATE utf8_bin DEFAULT NULL,
  `PARENT_TASK_ID_` varchar(64) COLLATE utf8_bin DEFAULT NULL,
  `DESCRIPTION_` varchar(4000) COLLATE utf8_bin DEFAULT NULL,
  `OWNER_` varchar(255) COLLATE utf8_bin DEFAULT NULL,
  `ASSIGNEE_` varchar(255) COLLATE utf8_bin DEFAULT NULL,
  `START_TIME_` datetime NOT NULL,
  `CLAIM_TIME_` datetime DEFAULT NULL,
  `END_TIME_` datetime DEFAULT NULL,
  `DURATION_` bigint(20) DEFAULT NULL,
  `DELETE_REASON_` varchar(4000) COLLATE utf8_bin DEFAULT NULL,
  `PRIORITY_` int(11) DEFAULT NULL,
  `DUE_DATE_` datetime DEFAULT NULL,
  `FORM_KEY_` varchar(255) COLLATE utf8_bin DEFAULT NULL,
  `CATEGORY_` varchar(255) COLLATE utf8_bin DEFAULT NULL,
  `TENANT_ID_` varchar(255) COLLATE utf8_bin DEFAULT '',
  PRIMARY KEY (`ID_`),
  KEY `ACT_IDX_HI_TASK_INST_PROCINST` (`PROC_INST_ID_`)
) ENGINE=InnoDB DEFAULT CHARSET=utf8 COLLATE=utf8_bin;

-- ----------------------------
-- Records of act_hi_taskinst
-- ----------------------------

-- ----------------------------
-- Table structure for act_hi_varinst
-- ----------------------------
DROP TABLE IF EXISTS `act_hi_varinst`;
CREATE TABLE `act_hi_varinst` (
  `ID_` varchar(64) COLLATE utf8_bin NOT NULL,
  `PROC_INST_ID_` varchar(64) COLLATE utf8_bin DEFAULT NULL,
  `EXECUTION_ID_` varchar(64) COLLATE utf8_bin DEFAULT NULL,
  `TASK_ID_` varchar(64) COLLATE utf8_bin DEFAULT NULL,
  `NAME_` varchar(255) COLLATE utf8_bin NOT NULL,
  `VAR_TYPE_` varchar(100) COLLATE utf8_bin DEFAULT NULL,
  `REV_` int(11) DEFAULT NULL,
  `BYTEARRAY_ID_` varchar(64) COLLATE utf8_bin DEFAULT NULL,
  `DOUBLE_` double DEFAULT NULL,
  `LONG_` bigint(20) DEFAULT NULL,
  `TEXT_` varchar(4000) COLLATE utf8_bin DEFAULT NULL,
  `TEXT2_` varchar(4000) COLLATE utf8_bin DEFAULT NULL,
  `CREATE_TIME_` datetime DEFAULT NULL,
  `LAST_UPDATED_TIME_` datetime DEFAULT NULL,
  PRIMARY KEY (`ID_`),
  KEY `ACT_IDX_HI_PROCVAR_PROC_INST` (`PROC_INST_ID_`),
  KEY `ACT_IDX_HI_PROCVAR_NAME_TYPE` (`NAME_`,`VAR_TYPE_`),
  KEY `ACT_IDX_HI_PROCVAR_TASK_ID` (`TASK_ID_`)
) ENGINE=InnoDB DEFAULT CHARSET=utf8 COLLATE=utf8_bin;

-- ----------------------------
-- Records of act_hi_varinst
-- ----------------------------

-- ----------------------------
-- Table structure for act_id_group
-- ----------------------------
DROP TABLE IF EXISTS `act_id_group`;
CREATE TABLE `act_id_group` (
  `ID_` varchar(64) COLLATE utf8_bin NOT NULL,
  `REV_` int(11) DEFAULT NULL,
  `NAME_` varchar(255) COLLATE utf8_bin DEFAULT NULL,
  `TYPE_` varchar(255) COLLATE utf8_bin DEFAULT NULL,
  PRIMARY KEY (`ID_`)
) ENGINE=InnoDB DEFAULT CHARSET=utf8 COLLATE=utf8_bin;

-- ----------------------------
-- Records of act_id_group
-- ----------------------------
INSERT INTO `act_id_group` VALUES ('1', null, 'test', null);

-- ----------------------------
-- Table structure for act_id_info
-- ----------------------------
DROP TABLE IF EXISTS `act_id_info`;
CREATE TABLE `act_id_info` (
  `ID_` varchar(64) COLLATE utf8_bin NOT NULL,
  `REV_` int(11) DEFAULT NULL,
  `USER_ID_` varchar(64) COLLATE utf8_bin DEFAULT NULL,
  `TYPE_` varchar(64) COLLATE utf8_bin DEFAULT NULL,
  `KEY_` varchar(255) COLLATE utf8_bin DEFAULT NULL,
  `VALUE_` varchar(255) COLLATE utf8_bin DEFAULT NULL,
  `PASSWORD_` longblob DEFAULT NULL,
  `PARENT_ID_` varchar(255) COLLATE utf8_bin DEFAULT NULL,
  PRIMARY KEY (`ID_`)
) ENGINE=InnoDB DEFAULT CHARSET=utf8 COLLATE=utf8_bin;

-- ----------------------------
-- Records of act_id_info
-- ----------------------------
INSERT INTO `act_id_info` VALUES ('1', '2', '2', null, null, null, null, null);

-- ----------------------------
-- Table structure for act_id_membership
-- ----------------------------
DROP TABLE IF EXISTS `act_id_membership`;
CREATE TABLE `act_id_membership` (
  `USER_ID_` varchar(64) COLLATE utf8_bin NOT NULL,
  `GROUP_ID_` varchar(64) COLLATE utf8_bin NOT NULL,
  PRIMARY KEY (`USER_ID_`,`GROUP_ID_`),
  KEY `ACT_FK_MEMB_GROUP` (`GROUP_ID_`),
  CONSTRAINT `ACT_FK_MEMB_GROUP` FOREIGN KEY (`GROUP_ID_`) REFERENCES `act_id_group` (`ID_`),
  CONSTRAINT `ACT_FK_MEMB_USER` FOREIGN KEY (`USER_ID_`) REFERENCES `act_id_user` (`ID_`)
) ENGINE=InnoDB DEFAULT CHARSET=utf8 COLLATE=utf8_bin;

-- ----------------------------
-- Records of act_id_membership
-- ----------------------------
INSERT INTO `act_id_membership` VALUES ('1', '1');

-- ----------------------------
-- Table structure for act_id_user
-- ----------------------------
DROP TABLE IF EXISTS `act_id_user`;
CREATE TABLE `act_id_user` (
  `ID_` varchar(64) COLLATE utf8_bin NOT NULL,
  `REV_` int(11) DEFAULT NULL,
  `FIRST_` varchar(255) COLLATE utf8_bin DEFAULT NULL,
  `LAST_` varchar(255) COLLATE utf8_bin DEFAULT NULL,
  `EMAIL_` varchar(255) COLLATE utf8_bin DEFAULT NULL,
  `PWD_` varchar(255) COLLATE utf8_bin DEFAULT NULL,
  `PICTURE_ID_` varchar(64) COLLATE utf8_bin DEFAULT NULL,
  PRIMARY KEY (`ID_`)
) ENGINE=InnoDB DEFAULT CHARSET=utf8 COLLATE=utf8_bin;

-- ----------------------------
-- Records of act_id_user
-- ----------------------------
INSERT INTO `act_id_user` VALUES ('1', '1', '1', '1', '1', null, null);

-- ----------------------------
-- Table structure for act_procdef_info
-- ----------------------------
DROP TABLE IF EXISTS `act_procdef_info`;
CREATE TABLE `act_procdef_info` (
  `ID_` varchar(64) COLLATE utf8_bin NOT NULL,
  `PROC_DEF_ID_` varchar(64) COLLATE utf8_bin NOT NULL,
  `REV_` int(11) DEFAULT NULL,
  `INFO_JSON_ID_` varchar(64) COLLATE utf8_bin DEFAULT NULL,
  PRIMARY KEY (`ID_`),
  UNIQUE KEY `ACT_UNIQ_INFO_PROCDEF` (`PROC_DEF_ID_`),
  KEY `ACT_IDX_INFO_PROCDEF` (`PROC_DEF_ID_`),
  KEY `ACT_FK_INFO_JSON_BA` (`INFO_JSON_ID_`),
  CONSTRAINT `ACT_FK_INFO_JSON_BA` FOREIGN KEY (`INFO_JSON_ID_`) REFERENCES `act_ge_bytearray` (`ID_`),
  CONSTRAINT `ACT_FK_INFO_PROCDEF` FOREIGN KEY (`PROC_DEF_ID_`) REFERENCES `act_re_procdef` (`ID_`)
) ENGINE=InnoDB DEFAULT CHARSET=utf8 COLLATE=utf8_bin;

-- ----------------------------
-- Records of act_procdef_info
-- ----------------------------

-- ----------------------------
-- Table structure for act_re_deployment
-- ----------------------------
DROP TABLE IF EXISTS `act_re_deployment`;
CREATE TABLE `act_re_deployment` (
  `ID_` varchar(64) COLLATE utf8_bin NOT NULL,
  `NAME_` varchar(255) COLLATE utf8_bin DEFAULT NULL,
  `CATEGORY_` varchar(255) COLLATE utf8_bin DEFAULT NULL,
  `TENANT_ID_` varchar(255) COLLATE utf8_bin DEFAULT '',
  `DEPLOY_TIME_` timestamp NULL DEFAULT NULL,
  PRIMARY KEY (`ID_`)
) ENGINE=InnoDB DEFAULT CHARSET=utf8 COLLATE=utf8_bin;

-- ----------------------------
-- Records of act_re_deployment
-- ----------------------------
INSERT INTO `act_re_deployment` VALUES ('2501', 'email', null, '', '2018-11-05 23:53:00');
INSERT INTO `act_re_deployment` VALUES ('5001', 'email', null, '', '2018-11-06 00:04:18');
INSERT INTO `act_re_deployment` VALUES ('7501', 'email', null, '', '2018-11-06 00:05:58');
INSERT INTO `act_re_deployment` VALUES ('7505', 'email', null, '', '2018-11-06 00:06:14');
INSERT INTO `act_re_deployment` VALUES ('7509', 'email', null, '', '2018-11-06 00:07:00');

-- ----------------------------
-- Table structure for act_re_model
-- ----------------------------
DROP TABLE IF EXISTS `act_re_model`;
CREATE TABLE `act_re_model` (
  `ID_` varchar(64) COLLATE utf8_bin NOT NULL,
  `REV_` int(11) DEFAULT NULL,
  `NAME_` varchar(255) COLLATE utf8_bin DEFAULT NULL,
  `KEY_` varchar(255) COLLATE utf8_bin DEFAULT NULL,
  `CATEGORY_` varchar(255) COLLATE utf8_bin DEFAULT NULL,
  `CREATE_TIME_` timestamp NULL DEFAULT NULL,
  `LAST_UPDATE_TIME_` timestamp NULL DEFAULT NULL,
  `VERSION_` int(11) DEFAULT NULL,
  `META_INFO_` varchar(4000) COLLATE utf8_bin DEFAULT NULL,
  `DEPLOYMENT_ID_` varchar(64) COLLATE utf8_bin DEFAULT NULL,
  `EDITOR_SOURCE_VALUE_ID_` varchar(64) COLLATE utf8_bin DEFAULT NULL,
  `EDITOR_SOURCE_EXTRA_VALUE_ID_` varchar(64) COLLATE utf8_bin DEFAULT NULL,
  `TENANT_ID_` varchar(255) COLLATE utf8_bin DEFAULT '',
  PRIMARY KEY (`ID_`),
  KEY `ACT_FK_MODEL_SOURCE` (`EDITOR_SOURCE_VALUE_ID_`),
  KEY `ACT_FK_MODEL_SOURCE_EXTRA` (`EDITOR_SOURCE_EXTRA_VALUE_ID_`),
  KEY `ACT_FK_MODEL_DEPLOYMENT` (`DEPLOYMENT_ID_`),
  CONSTRAINT `ACT_FK_MODEL_DEPLOYMENT` FOREIGN KEY (`DEPLOYMENT_ID_`) REFERENCES `act_re_deployment` (`ID_`),
  CONSTRAINT `ACT_FK_MODEL_SOURCE` FOREIGN KEY (`EDITOR_SOURCE_VALUE_ID_`) REFERENCES `act_ge_bytearray` (`ID_`),
  CONSTRAINT `ACT_FK_MODEL_SOURCE_EXTRA` FOREIGN KEY (`EDITOR_SOURCE_EXTRA_VALUE_ID_`) REFERENCES `act_ge_bytearray` (`ID_`)
) ENGINE=InnoDB DEFAULT CHARSET=utf8 COLLATE=utf8_bin;

-- ----------------------------
-- Records of act_re_model
-- ----------------------------
INSERT INTO `act_re_model` VALUES ('1', '9', 'email', 'email', '', '2018-11-05 22:19:33', '2018-11-06 00:06:52', '1', '{\"name\":\"email\",\"revision\":1,\"description\":\"1\"}', null, '2', '3', '');

-- ----------------------------
-- Table structure for act_re_procdef
-- ----------------------------
DROP TABLE IF EXISTS `act_re_procdef`;
CREATE TABLE `act_re_procdef` (
  `ID_` varchar(64) COLLATE utf8_bin NOT NULL,
  `REV_` int(11) DEFAULT NULL,
  `CATEGORY_` varchar(255) COLLATE utf8_bin DEFAULT NULL,
  `NAME_` varchar(255) COLLATE utf8_bin DEFAULT NULL,
  `KEY_` varchar(255) COLLATE utf8_bin NOT NULL,
  `VERSION_` int(11) NOT NULL,
  `DEPLOYMENT_ID_` varchar(64) COLLATE utf8_bin DEFAULT NULL,
  `RESOURCE_NAME_` varchar(4000) COLLATE utf8_bin DEFAULT NULL,
  `DGRM_RESOURCE_NAME_` varchar(4000) COLLATE utf8_bin DEFAULT NULL,
  `DESCRIPTION_` varchar(4000) COLLATE utf8_bin DEFAULT NULL,
  `HAS_START_FORM_KEY_` tinyint(4) DEFAULT NULL,
  `HAS_GRAPHICAL_NOTATION_` tinyint(4) DEFAULT NULL,
  `SUSPENSION_STATE_` int(11) DEFAULT NULL,
  `TENANT_ID_` varchar(255) COLLATE utf8_bin DEFAULT '',
  PRIMARY KEY (`ID_`),
  UNIQUE KEY `ACT_UNIQ_PROCDEF` (`KEY_`,`VERSION_`,`TENANT_ID_`)
) ENGINE=InnoDB DEFAULT CHARSET=utf8 COLLATE=utf8_bin;

-- ----------------------------
-- Records of act_re_procdef
-- ----------------------------
INSERT INTO `act_re_procdef` VALUES ('email:1:7512', '2', '', null, 'email', '1', '7509', 'email.bpmn20.xml', 'email.email.png', null, '0', '1', '1', '');
INSERT INTO `act_re_procdef` VALUES ('process:1:2504', '2', '', null, 'process', '1', '2501', 'email.bpmn20.xml', 'email.process.png', null, '0', '1', '1', '');
INSERT INTO `act_re_procdef` VALUES ('process:2:5004', '2', '', null, 'process', '2', '5001', 'email.bpmn20.xml', 'email.process.png', null, '0', '1', '1', '');
INSERT INTO `act_re_procdef` VALUES ('process:3:7504', '2', '', null, 'process', '3', '7501', 'email.bpmn20.xml', 'email.process.png', null, '0', '1', '1', '');
INSERT INTO `act_re_procdef` VALUES ('process:4:7508', '2', '', null, 'process', '4', '7505', 'email.bpmn20.xml', 'email.process.png', null, '0', '1', '1', '');

-- ----------------------------
-- Table structure for act_ru_event_subscr
-- ----------------------------
DROP TABLE IF EXISTS `act_ru_event_subscr`;
CREATE TABLE `act_ru_event_subscr` (
  `ID_` varchar(64) COLLATE utf8_bin NOT NULL,
  `REV_` int(11) DEFAULT NULL,
  `EVENT_TYPE_` varchar(255) COLLATE utf8_bin NOT NULL,
  `EVENT_NAME_` varchar(255) COLLATE utf8_bin DEFAULT NULL,
  `EXECUTION_ID_` varchar(64) COLLATE utf8_bin DEFAULT NULL,
  `PROC_INST_ID_` varchar(64) COLLATE utf8_bin DEFAULT NULL,
  `ACTIVITY_ID_` varchar(64) COLLATE utf8_bin DEFAULT NULL,
  `CONFIGURATION_` varchar(255) COLLATE utf8_bin DEFAULT NULL,
  `CREATED_` timestamp NOT NULL DEFAULT current_timestamp(),
  `PROC_DEF_ID_` varchar(64) COLLATE utf8_bin DEFAULT NULL,
  `TENANT_ID_` varchar(255) COLLATE utf8_bin DEFAULT '',
  PRIMARY KEY (`ID_`),
  KEY `ACT_IDX_EVENT_SUBSCR_CONFIG_` (`CONFIGURATION_`),
  KEY `ACT_FK_EVENT_EXEC` (`EXECUTION_ID_`),
  CONSTRAINT `ACT_FK_EVENT_EXEC` FOREIGN KEY (`EXECUTION_ID_`) REFERENCES `act_ru_execution` (`ID_`)
) ENGINE=InnoDB DEFAULT CHARSET=utf8 COLLATE=utf8_bin;

-- ----------------------------
-- Records of act_ru_event_subscr
-- ----------------------------

-- ----------------------------
-- Table structure for act_ru_execution
-- ----------------------------
DROP TABLE IF EXISTS `act_ru_execution`;
CREATE TABLE `act_ru_execution` (
  `ID_` varchar(64) COLLATE utf8_bin NOT NULL,
  `REV_` int(11) DEFAULT NULL,
  `PROC_INST_ID_` varchar(64) COLLATE utf8_bin DEFAULT NULL,
  `BUSINESS_KEY_` varchar(255) COLLATE utf8_bin DEFAULT NULL,
  `PARENT_ID_` varchar(64) COLLATE utf8_bin DEFAULT NULL,
  `PROC_DEF_ID_` varchar(64) COLLATE utf8_bin DEFAULT NULL,
  `SUPER_EXEC_` varchar(64) COLLATE utf8_bin DEFAULT NULL,
  `ACT_ID_` varchar(255) COLLATE utf8_bin DEFAULT NULL,
  `IS_ACTIVE_` tinyint(4) DEFAULT NULL,
  `IS_CONCURRENT_` tinyint(4) DEFAULT NULL,
  `IS_SCOPE_` tinyint(4) DEFAULT NULL,
  `IS_EVENT_SCOPE_` tinyint(4) DEFAULT NULL,
  `SUSPENSION_STATE_` int(11) DEFAULT NULL,
  `CACHED_ENT_STATE_` int(11) DEFAULT NULL,
  `TENANT_ID_` varchar(255) COLLATE utf8_bin DEFAULT '',
  `NAME_` varchar(255) COLLATE utf8_bin DEFAULT NULL,
  `LOCK_TIME_` timestamp NULL DEFAULT NULL,
  PRIMARY KEY (`ID_`),
  KEY `ACT_IDX_EXEC_BUSKEY` (`BUSINESS_KEY_`),
  KEY `ACT_FK_EXE_PROCINST` (`PROC_INST_ID_`),
  KEY `ACT_FK_EXE_PARENT` (`PARENT_ID_`),
  KEY `ACT_FK_EXE_SUPER` (`SUPER_EXEC_`),
  KEY `ACT_FK_EXE_PROCDEF` (`PROC_DEF_ID_`),
  CONSTRAINT `ACT_FK_EXE_PARENT` FOREIGN KEY (`PARENT_ID_`) REFERENCES `act_ru_execution` (`ID_`),
  CONSTRAINT `ACT_FK_EXE_PROCDEF` FOREIGN KEY (`PROC_DEF_ID_`) REFERENCES `act_re_procdef` (`ID_`),
  CONSTRAINT `ACT_FK_EXE_PROCINST` FOREIGN KEY (`PROC_INST_ID_`) REFERENCES `act_ru_execution` (`ID_`) ON DELETE CASCADE ON UPDATE CASCADE,
  CONSTRAINT `ACT_FK_EXE_SUPER` FOREIGN KEY (`SUPER_EXEC_`) REFERENCES `act_ru_execution` (`ID_`)
) ENGINE=InnoDB DEFAULT CHARSET=utf8 COLLATE=utf8_bin;

-- ----------------------------
-- Records of act_ru_execution
-- ----------------------------

-- ----------------------------
-- Table structure for act_ru_identitylink
-- ----------------------------
DROP TABLE IF EXISTS `act_ru_identitylink`;
CREATE TABLE `act_ru_identitylink` (
  `ID_` varchar(64) COLLATE utf8_bin NOT NULL,
  `REV_` int(11) DEFAULT NULL,
  `GROUP_ID_` varchar(255) COLLATE utf8_bin DEFAULT NULL,
  `TYPE_` varchar(255) COLLATE utf8_bin DEFAULT NULL,
  `USER_ID_` varchar(255) COLLATE utf8_bin DEFAULT NULL,
  `TASK_ID_` varchar(64) COLLATE utf8_bin DEFAULT NULL,
  `PROC_INST_ID_` varchar(64) COLLATE utf8_bin DEFAULT NULL,
  `PROC_DEF_ID_` varchar(64) COLLATE utf8_bin DEFAULT NULL,
  PRIMARY KEY (`ID_`),
  KEY `ACT_IDX_IDENT_LNK_USER` (`USER_ID_`),
  KEY `ACT_IDX_IDENT_LNK_GROUP` (`GROUP_ID_`),
  KEY `ACT_IDX_ATHRZ_PROCEDEF` (`PROC_DEF_ID_`),
  KEY `ACT_FK_TSKASS_TASK` (`TASK_ID_`),
  KEY `ACT_FK_IDL_PROCINST` (`PROC_INST_ID_`),
  CONSTRAINT `ACT_FK_ATHRZ_PROCEDEF` FOREIGN KEY (`PROC_DEF_ID_`) REFERENCES `act_re_procdef` (`ID_`),
  CONSTRAINT `ACT_FK_IDL_PROCINST` FOREIGN KEY (`PROC_INST_ID_`) REFERENCES `act_ru_execution` (`ID_`),
  CONSTRAINT `ACT_FK_TSKASS_TASK` FOREIGN KEY (`TASK_ID_`) REFERENCES `act_ru_task` (`ID_`)
) ENGINE=InnoDB DEFAULT CHARSET=utf8 COLLATE=utf8_bin;

-- ----------------------------
-- Records of act_ru_identitylink
-- ----------------------------

-- ----------------------------
-- Table structure for act_ru_job
-- ----------------------------
DROP TABLE IF EXISTS `act_ru_job`;
CREATE TABLE `act_ru_job` (
  `ID_` varchar(64) COLLATE utf8_bin NOT NULL,
  `REV_` int(11) DEFAULT NULL,
  `TYPE_` varchar(255) COLLATE utf8_bin NOT NULL,
  `LOCK_EXP_TIME_` timestamp NULL DEFAULT NULL,
  `LOCK_OWNER_` varchar(255) COLLATE utf8_bin DEFAULT NULL,
  `EXCLUSIVE_` tinyint(1) DEFAULT NULL,
  `EXECUTION_ID_` varchar(64) COLLATE utf8_bin DEFAULT NULL,
  `PROCESS_INSTANCE_ID_` varchar(64) COLLATE utf8_bin DEFAULT NULL,
  `PROC_DEF_ID_` varchar(64) COLLATE utf8_bin DEFAULT NULL,
  `RETRIES_` int(11) DEFAULT NULL,
  `EXCEPTION_STACK_ID_` varchar(64) COLLATE utf8_bin DEFAULT NULL,
  `EXCEPTION_MSG_` varchar(4000) COLLATE utf8_bin DEFAULT NULL,
  `DUEDATE_` timestamp NULL DEFAULT NULL,
  `REPEAT_` varchar(255) COLLATE utf8_bin DEFAULT NULL,
  `HANDLER_TYPE_` varchar(255) COLLATE utf8_bin DEFAULT NULL,
  `HANDLER_CFG_` varchar(4000) COLLATE utf8_bin DEFAULT NULL,
  `TENANT_ID_` varchar(255) COLLATE utf8_bin DEFAULT '',
  PRIMARY KEY (`ID_`),
  KEY `ACT_FK_JOB_EXCEPTION` (`EXCEPTION_STACK_ID_`),
  CONSTRAINT `ACT_FK_JOB_EXCEPTION` FOREIGN KEY (`EXCEPTION_STACK_ID_`) REFERENCES `act_ge_bytearray` (`ID_`)
) ENGINE=InnoDB DEFAULT CHARSET=utf8 COLLATE=utf8_bin;

-- ----------------------------
-- Records of act_ru_job
-- ----------------------------

-- ----------------------------
-- Table structure for act_ru_task
-- ----------------------------
DROP TABLE IF EXISTS `act_ru_task`;
CREATE TABLE `act_ru_task` (
  `ID_` varchar(64) COLLATE utf8_bin NOT NULL,
  `REV_` int(11) DEFAULT NULL,
  `EXECUTION_ID_` varchar(64) COLLATE utf8_bin DEFAULT NULL,
  `PROC_INST_ID_` varchar(64) COLLATE utf8_bin DEFAULT NULL,
  `PROC_DEF_ID_` varchar(64) COLLATE utf8_bin DEFAULT NULL,
  `NAME_` varchar(255) COLLATE utf8_bin DEFAULT NULL,
  `PARENT_TASK_ID_` varchar(64) COLLATE utf8_bin DEFAULT NULL,
  `DESCRIPTION_` varchar(4000) COLLATE utf8_bin DEFAULT NULL,
  `TASK_DEF_KEY_` varchar(255) COLLATE utf8_bin DEFAULT NULL,
  `OWNER_` varchar(255) COLLATE utf8_bin DEFAULT NULL,
  `ASSIGNEE_` varchar(255) COLLATE utf8_bin DEFAULT NULL,
  `DELEGATION_` varchar(64) COLLATE utf8_bin DEFAULT NULL,
  `PRIORITY_` int(11) DEFAULT NULL,
  `CREATE_TIME_` timestamp NULL DEFAULT NULL,
  `DUE_DATE_` datetime DEFAULT NULL,
  `CATEGORY_` varchar(255) COLLATE utf8_bin DEFAULT NULL,
  `SUSPENSION_STATE_` int(11) DEFAULT NULL,
  `TENANT_ID_` varchar(255) COLLATE utf8_bin DEFAULT '',
  `FORM_KEY_` varchar(255) COLLATE utf8_bin DEFAULT NULL,
  PRIMARY KEY (`ID_`),
  KEY `ACT_IDX_TASK_CREATE` (`CREATE_TIME_`),
  KEY `ACT_FK_TASK_EXE` (`EXECUTION_ID_`),
  KEY `ACT_FK_TASK_PROCINST` (`PROC_INST_ID_`),
  KEY `ACT_FK_TASK_PROCDEF` (`PROC_DEF_ID_`),
  CONSTRAINT `ACT_FK_TASK_EXE` FOREIGN KEY (`EXECUTION_ID_`) REFERENCES `act_ru_execution` (`ID_`),
  CONSTRAINT `ACT_FK_TASK_PROCDEF` FOREIGN KEY (`PROC_DEF_ID_`) REFERENCES `act_re_procdef` (`ID_`),
  CONSTRAINT `ACT_FK_TASK_PROCINST` FOREIGN KEY (`PROC_INST_ID_`) REFERENCES `act_ru_execution` (`ID_`)
) ENGINE=InnoDB DEFAULT CHARSET=utf8 COLLATE=utf8_bin;

-- ----------------------------
-- Records of act_ru_task
-- ----------------------------

-- ----------------------------
-- Table structure for act_ru_variable
-- ----------------------------
DROP TABLE IF EXISTS `act_ru_variable`;
CREATE TABLE `act_ru_variable` (
  `ID_` varchar(64) COLLATE utf8_bin NOT NULL,
  `REV_` int(11) DEFAULT NULL,
  `TYPE_` varchar(255) COLLATE utf8_bin NOT NULL,
  `NAME_` varchar(255) COLLATE utf8_bin NOT NULL,
  `EXECUTION_ID_` varchar(64) COLLATE utf8_bin DEFAULT NULL,
  `PROC_INST_ID_` varchar(64) COLLATE utf8_bin DEFAULT NULL,
  `TASK_ID_` varchar(64) COLLATE utf8_bin DEFAULT NULL,
  `BYTEARRAY_ID_` varchar(64) COLLATE utf8_bin DEFAULT NULL,
  `DOUBLE_` double DEFAULT NULL,
  `LONG_` bigint(20) DEFAULT NULL,
  `TEXT_` varchar(4000) COLLATE utf8_bin DEFAULT NULL,
  `TEXT2_` varchar(4000) COLLATE utf8_bin DEFAULT NULL,
  PRIMARY KEY (`ID_`),
  KEY `ACT_IDX_VARIABLE_TASK_ID` (`TASK_ID_`),
  KEY `ACT_FK_VAR_EXE` (`EXECUTION_ID_`),
  KEY `ACT_FK_VAR_PROCINST` (`PROC_INST_ID_`),
  KEY `ACT_FK_VAR_BYTEARRAY` (`BYTEARRAY_ID_`),
  CONSTRAINT `ACT_FK_VAR_BYTEARRAY` FOREIGN KEY (`BYTEARRAY_ID_`) REFERENCES `act_ge_bytearray` (`ID_`),
  CONSTRAINT `ACT_FK_VAR_EXE` FOREIGN KEY (`EXECUTION_ID_`) REFERENCES `act_ru_execution` (`ID_`),
  CONSTRAINT `ACT_FK_VAR_PROCINST` FOREIGN KEY (`PROC_INST_ID_`) REFERENCES `act_ru_execution` (`ID_`)
) ENGINE=InnoDB DEFAULT CHARSET=utf8 COLLATE=utf8_bin;

-- ----------------------------
-- Records of act_ru_variable
-- ----------------------------

-- ----------------------------
-- Table structure for email
-- ----------------------------
DROP TABLE IF EXISTS `email`;
CREATE TABLE `email` (
  `id` varchar(255) DEFAULT '',
  `user_id` varchar(11) DEFAULT '',
  `name` varchar(255) DEFAULT '',
  `content` varchar(255) DEFAULT '',
  `process_instance_id` varchar(255) DEFAULT ''
) ENGINE=InnoDB DEFAULT CHARSET=utf8;

-- ----------------------------
-- Records of email
-- ----------------------------

-- ----------------------------
-- Table structure for sys_role
-- ----------------------------
DROP TABLE IF EXISTS `sys_role`;
CREATE TABLE `sys_role` (
  `id` int(11) NOT NULL AUTO_INCREMENT COMMENT '`id`',
  `num` int(11) DEFAULT NULL COMMENT '',
  `name` varchar(255) DEFAULT NULL COMMENT '',
  `remark` varchar(255) DEFAULT NULL COMMENT '',
  `create_date` varchar(255) DEFAULT current_timestamp() COMMENT '',
  `type` varchar(32) DEFAULT NULL,
  `code` varchar(32) DEFAULT NULL,
  PRIMARY KEY (`id`)
) ENGINE=InnoDB AUTO_INCREMENT=17 DEFAULT CHARSET=utf8 COMMENT='';

-- ----------------------------
-- Records of sys_role
-- ----------------------------
INSERT INTO `sys_role` VALUES ('1', '3', '', '', '', 'R0', null);
INSERT INTO `sys_role` VALUES ('2', null, '', '', '2018-09-25 15:42:30', 'R0', '');
INSERT INTO `sys_role` VALUES ('3', null, '', '', '2018-09-25 15:43:17', 'R0', '');
INSERT INTO `sys_role` VALUES ('4', null, '', '', '2018-09-25 15:46:11', 'R0', null);
INSERT INTO `sys_role` VALUES ('5', null, '', '', '2018-10-08 10:40:33', 'R1', null);
INSERT INTO `sys_role` VALUES ('6', null, '', null, '2018-09-18 11:17:50', 'R2', null);
INSERT INTO `sys_role` VALUES ('15', null, '', null, '2018-10-10 14:29:43', 'R2', null);

-- ----------------------------
-- Table structure for sys_user
-- ----------------------------
DROP TABLE IF EXISTS `sys_user`;
CREATE TABLE `sys_user` (
  `id` int(11) NOT NULL AUTO_INCREMENT COMMENT 'id',
  `code` varchar(45) DEFAULT '' COMMENT '',
  `password` varchar(45) DEFAULT NULL COMMENT '',
  `dept_id` int(11) DEFAULT NULL COMMENT 'id',
  `salt` varchar(45) DEFAULT NULL COMMENT '',
  `name` varchar(45) DEFAULT NULL COMMENT '',
  `birthday` datetime DEFAULT NULL COMMENT '',
  `sex` int(11) DEFAULT NULL COMMENT '',
  `email` varchar(45) DEFAULT NULL COMMENT '',
  `phone` varchar(45) DEFAULT NULL COMMENT '',
  `create_date` datetime DEFAULT current_timestamp() COMMENT '',
  `address` varchar(255) DEFAULT NULL COMMENT '',
  `usersecret_id` int(3) unsigned zerofill DEFAULT 000 COMMENT 'id',
  `domain` varchar(64) DEFAULT NULL COMMENT '0',
  `remark` varchar(255) DEFAULT NULL COMMENT '',
  `pinyin` varchar(64) DEFAULT NULL COMMENT '',
  `photo_url` varchar(255) DEFAULT NULL COMMENT '',
  `sort` char(10) DEFAULT NULL COMMENT '',
  `del_flag` tinyint(1) DEFAULT 0,
  PRIMARY KEY (`id`),
  KEY `sys_user_id` (`id`) USING BTREE
) ENGINE=InnoDB AUTO_INCREMENT=90 DEFAULT CHARSET=utf8 COMMENT='';

-- ----------------------------
-- Records of sys_user
-- ----------------------------
INSERT INTO `sys_user` VALUES ('1', 'admin', '123456', '1', null, '', '2018-10-02 00:00:00', '0', 'admin@1.com', '1', '2018-10-09 09:20:04', '1', '001', null, '123', null, null, null, '0');
INSERT INTO `sys_user` VALUES ('2', 'sysadmin', '123456', '1', null, '', null, '0', null, 'hgfhfghf', '2018-09-20 08:52:53', '', '004', null, '', null, null, null, '0');
INSERT INTO `sys_user` VALUES ('3', 'securitysir', '123456', '1', null, '', '2018-09-19 00:00:00', '1', null, '12345555', '2018-09-19 16:54:58', 'fgdfgdf', '004', null, 'gdfgdfgdfgdf', null, null, null, '0');
INSERT INTO `sys_user` VALUES ('4', 'auditor', '123456', '1', null, '', null, null, null, null, null, null, '004', null, null, null, null, null, '0');
INSERT INTO `sys_user` VALUES ('5', 'test2', '123456', '3', null, 'test3', null, null, null, null, null, null, '001', null, null, null, null, null, '0');
INSERT INTO `sys_user` VALUES ('6', 'shujh', '456123', '11', null, '', null, null, null, null, null, null, '003', null, null, null, null, null, '0');
INSERT INTO `sys_user` VALUES ('7', 'dengy', '123456', '3', null, '', null, null, null, null, null, null, '001', null, null, null, null, null, '0');
INSERT INTO `sys_user` VALUES ('8', 'limy', '123456', '4', null, '', null, null, null, null, null, null, null, null, null, null, null, null, '0');
INSERT INTO `sys_user` VALUES ('9', 'wuxb', '123456', '4', null, '', null, null, null, null, null, null, null, null, null, null, null, null, '0');
INSERT INTO `sys_user` VALUES ('10', 'zhongtq', '123456', '3', null, '', null, null, null, null, null, null, null, null, null, null, null, null, '0');
INSERT INTO `sys_user` VALUES ('11', 'zhangdan', '123654', '3', null, '', null, null, null, null, null, null, null, null, null, null, null, null, '0');
INSERT INTO `sys_user` VALUES ('12', 'pengwen', '123456', '1', null, '', null, null, null, null, null, null, null, null, null, null, null, null, '0');
INSERT INTO `sys_user` VALUES ('13', 'licq', '123456', '4', null, '', null, '1', null, '', '2018-09-27 09:34:31', '', null, null, '', null, null, null, '0');
INSERT INTO `sys_user` VALUES ('27', 'test1', '11111aaaaa@', '3', null, '1', null, '0', null, '', '2018-10-10 10:01:06', '', null, null, '', null, null, null, '1');

-- ----------------------------
-- Table structure for sys_user_role
-- ----------------------------
DROP TABLE IF EXISTS `sys_user_role`;
CREATE TABLE `sys_user_role` (
  `id` int(11) NOT NULL AUTO_INCREMENT COMMENT 'id',
  `user_id` int(11) DEFAULT NULL COMMENT 'id',
  `role_id` int(11) DEFAULT NULL COMMENT 'id',
  `dept_id` int(11) DEFAULT NULL,
  `create_date` datetime DEFAULT current_timestamp() COMMENT '',
  `main` bit(1) DEFAULT b'1',
  PRIMARY KEY (`id`)
) ENGINE=InnoDB AUTO_INCREMENT=141 DEFAULT CHARSET=utf8 COMMENT='';

-- ----------------------------
-- Records of sys_user_role
-- ----------------------------
INSERT INTO `sys_user_role` VALUES ('4', '1', '1', '1', '2018-09-09 22:45:05', '');
INSERT INTO `sys_user_role` VALUES ('12', '2', '2', '1', '2018-09-27 10:25:39', '');
INSERT INTO `sys_user_role` VALUES ('16', '3', '3', '1', '2018-10-08 17:26:02', '');
INSERT INTO `sys_user_role` VALUES ('18', '4', '4', '1', '2018-10-08 17:26:31', '');
INSERT INTO `sys_user_role` VALUES ('20', '6', '6', '11', '2018-10-09 16:31:37', '');
INSERT INTO `sys_user_role` VALUES ('21', '5', '6', '3', '2018-10-09 18:09:38', '');
INSERT INTO `sys_user_role` VALUES ('56', '5', '5', '3', '2018-10-10 08:56:23', '');
INSERT INTO `sys_user_role` VALUES ('57', '6', '5', '11', '2018-10-10 08:56:23', '');
INSERT INTO `sys_user_role` VALUES ('58', '7', '5', '4', '2018-10-10 08:56:23', '');
INSERT INTO `sys_user_role` VALUES ('59', '8', '5', '4', '2018-10-10 08:56:23', '');
INSERT INTO `sys_user_role` VALUES ('60', '9', '5', '4', '2018-10-10 08:56:23', '');
INSERT INTO `sys_user_role` VALUES ('61', '10', '5', '3', '2018-10-10 08:56:23', '');
INSERT INTO `sys_user_role` VALUES ('62', '11', '5', '3', '2018-10-10 08:56:23', '');
INSERT INTO `sys_user_role` VALUES ('63', '12', '5', '1', '2018-10-10 08:56:23', '');
INSERT INTO `sys_user_role` VALUES ('64', '13', '5', '4', '2018-10-10 08:56:23', '');
INSERT INTO `sys_user_role` VALUES ('67', '27', '5', '3', '2018-10-10 10:11:27', '');
INSERT INTO `sys_user_role` VALUES ('68', '5', '6', '11', '2018-10-10 13:43:32', '\0');
INSERT INTO `sys_user_role` VALUES ('69', '6', '6', '3', '2018-10-10 14:00:21', '\0');
INSERT INTO `sys_user_role` VALUES ('70', '6', '15', '3', '2018-10-10 14:30:01', '\0');
INSERT INTO `sys_user_role` VALUES ('71', '6', '6', '9', '2018-10-10 14:30:09', '\0');
INSERT INTO `sys_user_role` VALUES ('72', '1', '5', '1', '2018-10-11 08:42:41', '');
INSERT INTO `sys_user_role` VALUES ('73', '2', '5', '1', '2018-10-11 08:42:41', '');
INSERT INTO `sys_user_role` VALUES ('74', '3', '5', '1', '2018-10-11 08:42:41', '');
INSERT INTO `sys_user_role` VALUES ('75', '4', '5', '1', '2018-10-11 08:42:41', '');
